Samples,Mode,Type,Group,Treatment,Plate,Experiment,ANPpC1,ANPpC2,ANPpC3,ANPpC4,ANPpC5,ANPpC6,ANPpC7,ANPpC8,ANPpC9,ANPpC10,ANPpC11,ANPpC12,ANPpC13,ANPpC14,ANPpC15,ANPpC16,ANPpC17,ANPpC18,ANPpC19,ANPpC20,ANPpC21,ANPpC22,ANPpC23,ANPpC24,ANPpC25,ANPpC26,ANPpC27,ANPpC28,ANPpC29,ANPpC30,ANPpC31,ANPpC32,ANPpC33,ANPpC34,ANPpC35,ANPpC36,ANPpC37,ANPpC38,ANPpC39,ANPpC40,ANPpC41,ANPpC42,ANPpC43,ANPpC44,ANPpC45,ANPpC46,ANPpC47,ANPpC48,ANPpC49,ANPpC50,ANPpC51,ANPpC52,ANPpC53,ANPpC54,ANPpC55,ANPpC56,ANPpC57,ANPpC58,ANPpC59,ANPpC60,ANPpC61,ANPpC62,ANPpC63,ANPpC64,ANPpC65,ANPpC66,ANPpC67,ANPpC68,ANPpC69,ANPpC70,ANPpC71,ANPpC72,ANPpC73,ANPpC74,ANPpC75,ANPpC76,ANPpC77,ANPpC78,ANPpC79,ANPpC80,ANPpC81,ANPpC82,ANPpC83,ANPpC84,ANPpC85,ANPpC86,ANPpC87,ANPpC88,ANPpC89,ANPpC90,ANPpC91,ANPpC92,ANPpC93,ANPpC94,ANPpC95,ANPpC96,ANPpC97,ANPpC98,ANPpC99,ANPpC100,ANPpC101,ANPpC102,ANPpC103,ANPpC104,ANPpC105,ANPpC106,ANPpC107,ANPpC108,ANPpC109,ANPpC110,ANPpC111,ANPpC112,ANPpC113,ANPpC114,ANPpC115,ANPpC116,ANPpC117,ANPpC118,ANPpC119,ANPpC120,ANPpC121,ANPpC122,ANPpC123,ANPpC124,ANPpC125,ANPpC126,ANPpC127,ANPpC128,ANPpC129,ANPpC130,ANPpC131,ANPpC132,ANPpC133,ANPpC134,ANPpC135,ANPpC136,ANPpC137,ANPpC138,ANPpC139,ANPpC140,ANPpC141,ANPpC142,ANPpC143,ANPpC144,ANPpC145,ANPpC146,ANPpC147,ANPpC148,ANPpC149,ANPpC150,ANPpC151,ANPpC152,ANPpC153,ANPpC154,ANPpC155,ANPpC156,ANPpC157,ANPpC158,ANPpC159,ANPpC160,ANPpC161,ANPpC162,ANPpC163,ANPpC164,ANPpC165,ANPpC166,ANPpC167,ANPpC168,ANPpC169,ANPpC170,ANPpC171,ANPpC172,ANPpC173,ANPpC174,ANPpC175,ANPpC176
QC1,pos,cells,QC,QC,QC,QC,22069.5397,3540.994021,2520.442387,158970.3131,6150048.918,1065302.988,212706.281,80734.12919,1261694.75,70975606.18,2967796.02,728607.879,487788.6044,174263.6009,1446666.807,22794.19335,727329.3276,15247.27793,2382205.359,1668109.262,115514.1146,31840.51152,3259328.534,483648.3428,22645011.18,68305.41668,25874.79275,37453.89678,595259.1896,85558.03421,1020102.632,26687911.02,3159869.845,5426684.16,306963.651,52604.24151,1263133.8,436468.6038,3450949.986,23946.24414,223132.6401,31533.66443,641860.5059,19352034.79,253216.7291,13110.89116,11989570.64,872055.0419,17397.17019,44531.04205,115680.3108,63919.33499,272150.889,27748.37291,284262.3386,391030.9985,6464862.111,193923.7252,194478.0989,233100.1153,6243249.894,90335.38313,278954.2777,20145.00489,1547832.975,39741.92753,13473.07392,29626.26823,514045.2604,53782.37303,157291.1002,442112.764,4653868.186,1010910.882,44465748.61,28409.51131,5958.760379,150100.3125,10864.07524,37919.122,3903296.161,1687841.513,41183.47216,503939.0333,55962.79678,379786.7376,85982.36837,1079128.566,136308.4846,180450.4318,31949.49644,52811.39749,2925471.353,339498.2836,59601.33394,42895.84527,362205.2615,3768.668643,205907.9639,3482045.738,15157.02279,58953.74802,15301.01142,20981.89318,410217.6927,1166539.385,1310382.767,497596.322,201941.3312,1548540.749,416268.5008,58467.2001,23488.22416,2202336.154,249131.2522,29047.48584,5854336.871,69586.55766,6839.562509,24437.75581,15172.88395,103567.1638,28838.28463,80874.24581,15996.91534,1306.127463,16755.02123,67178.89184,48310.66788,217428.5447,53802.93541,11854.35545,75849.93293,182897.0514,15368.60345,8696.490947,56532.28249,625376.8856,33812.16154,13696.27184,239971.2868,257000.935,101660.5554,17694.84579,172434.6952,1297281.791,3531205.958,11682.74518,189260.5987,1648781.929,270745.8124,1826968.448,146177.574,43325.29851,14818.53319,8415.118787,26024.58579,42179.72445,11629.48807,40551.50622,2180764.022,4114270.429,719716.1919,792273.1042,150394.6432,86595.13158,36468.55868,53439.72721,6900375.638,287653.7828,774832.2916,5769474.923,29004.54321,9256104.149,12329.94499,
QC2,pos,cells,QC,QC,QC,QC,20348.64314,4573.65903,2368.948477,139236.4977,6308997.333,1053185.159,147052.5514,74541.35205,1307373.17,73716435.17,2918402.574,764256.4049,400909.8809,131102.0902,1776326.632,19793.2613,750167.8255,14669.43636,2332610.167,1459551.944,111520.21,29396.34502,3101402.4,449251.3968,23248497.83,64529.4335,34252.33473,32836.76667,554833.7778,75233.4913,993692.518,28009985.23,3295070.889,5259171.541,325736.4416,44440.4076,1247914.743,431987.5023,2348602.735,28097.62035,237800.313,28568.44721,651724.5535,19721837.13,256190.0331,7786.564808,12467388.09,853582.2867,16078.76857,38803.29368,77146.15166,65288.13683,278939.867,15475.48629,215490.2953,428014.564,6719068.637,166480.9736,167961.2697,164075.8016,5608836.138,79467.9179,273850.7914,20710.271,1518307.308,41841.35062,13159.36527,29322.31089,509677.2154,40500.96535,142961.5836,435484.5648,4202345.759,694524.4379,46335749.36,26843.56473,8363.326248,104593.0394,279109.2258,26556.30061,4023526.776,1474407.439,32050.88715,510075.7041,54217.25449,403539.7519,58143.27324,774731.5534,70330.20064,191385.89,35307.00825,48113.1,3072836.903,262507.0084,44476.6062,35729.3076,373805.817,2834.342994,190197.8128,3667975.023,11788.71295,63659.55676,14929.4776,22163.72475,424758.061,1059996.492,875524.4825,494978.9561,188993.999,,271802.916,43927.61305,20428.17228,2084042.28,276221.6384,27178.76749,5666893.326,67242.84841,7878.447032,24024.27427,19050.43472,101619.9612,35732.99489,76852.05222,20999.07423,1833.7505,8041.671743,68424.23393,57599.14522,243080.0158,56058.59151,13496.33944,86044.07523,199540.2543,17384.98102,9344.682449,55825.09291,617007.8364,31812.41847,14576.47486,286896.6708,284024.9183,99883.33557,18879.5915,176745.6035,1334633.901,4010861.831,18757.41347,196375.3457,1735705.523,333516.2343,1906036.045,154256.1489,52650.74341,12891.80237,8832.651036,23923.50227,39529.94258,10256.32961,33185.49818,2206651.206,4101761.85,778626.5642,790397.4151,122826.2939,90859.12184,41164.06453,54569.63019,6717173.349,277089.8408,752962.7176,5715535.63,26969.06394,9065657.759,11924.17694,1677.487923
QC3,pos,cells,QC,QC,QC,QC,22748.70744,6123.735554,2396.771769,144396.0659,6468761.092,1150516.875,170068.8848,75681.35105,1356878.136,75246217.34,2997820.786,774835.4357,408524.5713,134035.9599,1841110.939,17569.1169,750423.7095,20966.50776,2426514.512,1518553.521,114908.4876,26279.91922,3189747.6,447433.0091,24158944.34,67855.57002,34026.09875,31560.63803,562111.3058,72863.76322,985463.3175,28710512.43,3327308.52,5471658.803,329794.7256,51076.94862,1291731.953,463486.7735,2366825.109,26574.32939,247606.9872,25221.36208,674832.4964,20210642.32,264593.0229,9464.461017,12645231.24,850777.892,13368.87217,40796.7391,89940.3207,64272.88451,280554.6916,17729.88985,219030.2128,440302.9386,6844086.166,160114.352,162684.6517,155318.9231,5675756.896,78706.53159,276287.6922,16263.00991,1570390.849,44599.51171,12655.83663,31551.63969,515790.0402,40315.95062,156752.8112,461451.6617,4292415.511,684823.0565,46626011.33,28609.50458,6183.915648,103168.0241,278533.0097,29152.82366,4118455.45,1554893.535,36113.37878,518304.6989,56865.97221,396758.4927,55225.92197,798468.7277,70178.67676,197572.9702,40981.96414,55561.74011,3129385.609,254523.5944,48966.64824,34064.90897,379773.6172,3021.459498,205003.7663,3713189.3,10903.82091,69243.74071,15569.40676,24034.39054,445678.292,1085955.113,877745.1818,502750.6557,192260.8697,1541712.496,276250.9206,42351.97324,25507.90594,2158944.631,285883.2612,26597.16968,5740449.688,73436.22315,8037.439446,27004.02475,18528.17173,98963.29762,31964.72358,79051.25005,20031.05158,1969.464952,9611.57714,73921.54578,61965.74413,247419.0267,56077.09905,14403.83343,85318.00996,196803.4775,13927.93912,10466.94575,55376.58168,631486.3051,32795.45302,14552.6403,290421.3868,285370.1031,95175.22582,23160.96799,185389.4513,1367185.523,4150914.657,16948.46704,198020.8801,1754910.638,353670.2779,1948162.267,156737.1321,55218.16036,11248.90742,7532.085947,26015.65363,42806.19829,10134.38819,36569.0526,2156148.456,4334030.018,787415.2807,803901.0006,122930.9286,95691.07219,44005.44115,61252.8511,6800275.775,271516.3694,756716.8236,5766804.157,27530.05518,9188106.931,16798.91143,1068.123861
QC4,pos,cells,QC,QC,QC,QC,26161.84866,4716.686709,3465.022619,163439.8046,6594137.758,1206606.415,229649.0576,79375.52153,1307224.675,75082609.23,3030249.368,772795.7693,419403.6381,141211.3104,1830829.843,22747.97365,769304.294,21231.91211,2522777.899,1498332.66,116941.2437,28035.93993,3251052.209,464982.5792,24487158.45,69549.05687,33433.58778,33203.24694,577671.9159,73792.87136,1018481.13,28942562.04,3391288.398,5496960.089,315937.8444,49060.63268,1312491.929,500241.9661,2414357.416,27377.01714,239545.3553,36631.03661,685288.0191,20602365.75,265913.3803,10288.68392,12962265.1,861930.7419,12498.53519,43206.70367,88985.28906,67568.42686,285299.0686,15880.39168,220914.9393,436807.1056,6863172.904,161921.0344,162553.3635,160344.1292,5741129.032,83682.82408,278306.156,19401.35213,1556272.836,43681.68884,12999.73544,28438.3163,527225.9234,38087.60317,154723.7599,437651.715,4335779.28,693104.5372,46815865.24,20494.86832,6304.145796,104834.5303,288126.1836,27173.09083,4140575.838,1487107.246,36942.33171,548263.5745,55884.9124,404296.3889,53701.1258,802365.2099,67834.97629,193312.3884,33788.07794,50822.1595,3147079.4,255107.6343,47089.57282,32385.24434,387919.8004,2637.904532,206113.8857,3687684.848,11041.46385,66250.89018,15662.86125,19740.04202,448024.7711,1091285.508,867561.0629,500450.6862,227014.1994,,273064.1638,44142.44367,23848.05044,2224819.78,259865.1359,27243.82575,5818967.6,67449.92324,7663.48071,26987.03843,17423.50158,102060.139,31616.62218,73821.59792,22847.2623,2498.97876,8501.84124,75171.2266,57101.02417,236654.1075,56451.3029,15041.96444,85350.33215,209053.3906,19268.93749,9529.739951,62853.57357,634028.2816,32832.49989,16628.59646,307499.7995,305146.7025,103718.6492,19675.22431,185737.6607,1404635.031,4216767.412,20644.82381,205002.5552,1813761.794,362816.8415,2014796.689,169862.9002,55130.94517,12636.77003,6646.948738,24344.09864,46000.8655,10603.74364,36212.77859,2208144.112,4411130.611,821916.4997,837285.3645,127352.2342,91898.11084,43688.15465,58979.23396,6908797.411,283460.3261,778656.654,5863884.05,26833.88284,9271046.172,14516.32824,2649.057385
QC5,pos,cells,QC,QC,QC,QC,28146.18309,2860.468339,1711.587388,142307.4512,6614938.943,1118154.206,155801.6454,79327.02267,1348660.971,75251335.54,2995792,780340.6544,405349.0563,138290.0925,1794096.564,18630.17764,763649.7988,23138.44597,2454125.169,1690784.694,113328.3668,21874.30946,3242671.876,489201.9591,24583709.08,66377.56043,34441.87887,33818.17541,586194.191,76054.89064,1010335.903,29164243.02,3435388.67,5510872.77,334067.1623,41049.09922,1289523.876,460951.8483,2489100.588,33268.89474,248986.4791,32726.84377,669008.0752,20570028.68,262623.977,10956.45998,13001000.94,859925.6996,15724.84953,42781.42891,86177.21391,64957.70909,287785.8667,17525.11347,225683.1815,435653.9828,6852626.254,171335.1443,172402.2053,165468.3602,5741092.719,82338.36047,272608.8162,21564.73547,1581594.758,41214.56409,11675.58095,29199.28198,509745.7171,37588.10749,165946.3915,444665.1011,4272174.047,691265.4779,46514342.79,30688.1381,6613.303591,109091.7338,282896.3956,26319.20467,4171052.161,1554684.607,36025.06894,531715.2573,61662.07471,408032.1311,55954.51494,789776.3787,73721.46876,200049.2936,36794.10829,47897.25211,3184814.923,260764.5589,46280.21406,31948.02963,383199.4793,5080.008255,222406.4785,3672828.647,11872.40092,68413.97695,17131.4379,19776.11527,429394.0119,1078017.84,886416.1823,515403.9891,223777.69,1574750.511,264651.1601,42994.7753,24688.15813,2223827.735,284157.7069,28643.16475,5791141.601,72657.92742,6780.147965,28119.64428,22321.39917,100523.0832,36747.99177,74472.12262,24379.78936,2317.899065,8439.263105,72036.34928,62734.69434,234773.0529,59854.26873,14167.97844,90738.17832,197382.7283,18178.8147,9743.699921,55100.16304,644884.8576,35976.24269,15626.59551,306420.8253,305770.2534,104173.2792,21716.71201,189620.9173,1409631.271,4209933.294,20568.27862,209867.8721,1841388.365,354103.838,2031664.457,156070.9413,52709.68583,14140.12894,7699.579353,26545.42399,44504.62318,9946.871241,36684.80039,2226790.173,4347344.8,831550.8235,838942.1276,117555.4701,89325.10307,45493.29488,57461.18563,6904723.402,288495.7634,762459.2656,5884667.387,27122.17931,9245112.044,16477.24272,1398.721007
QC6,pos,cells,QC,QC,QC,QC,25816.309,2811.076292,2838.551383,141786.3286,6591863.961,1126539.612,157372.6814,61869.30221,1325750.076,71774347.81,2990154.018,760457.7792,418490.3298,145472.2545,1771661.639,33045.29752,735525.7104,22221.94069,2424527.804,1424058.967,111908.6435,33420.41846,3091721.711,453389.3967,24280233.83,72973.0724,28463.26552,40015.10803,578458.0538,74145.47208,1003537.767,27227980.44,3426507.729,5244424.358,322820.0177,42997.72082,1293881.458,507984.8057,2571379.613,27840.71261,242560.3727,31730.80068,675329.3154,20255484.41,258039.1208,8628.509177,12750112.07,812191.0765,16491.14814,37569.50712,92878.3382,58708.2925,283084.8161,18750.59808,234729.9016,386992.9893,6748169.85,163873.0029,164217.8255,174531.8561,5380381.6,78729.73066,253783.0953,17450.43546,1498555.477,46815.68921,11834.4701,30704.02667,481186.066,34718.25396,154656.1248,433606.3122,4082094.401,716501.8555,45243857.18,31579.83624,6152.90637,97350.82693,17173.46389,29150.69408,4068618.392,1418794.056,36156.30037,503732.949,53967.2896,411057.9654,49426.84182,781912.6495,87635.32612,193081.5896,31167.19134,47378.57515,3133830.465,345448.9258,48805.10724,45856.04,382943.2314,3003.407244,184036.1988,3585437.996,11221.2582,66770.33213,15850.8397,19021.77432,420669.1021,1129420.318,932260.4119,490044.3888,181499.5745,1526161.681,288628.8523,38383.13494,22632.95436,2392621.675,265139.1896,30809.33712,5251539.996,71957.99507,9126.808829,27222.92024,16941.8863,101956.3613,20022.88396,78564.6335,55014.3019,415.0858942,10912.27879,76102.53136,61545.25588,217195.6597,57188.81575,11892.79326,92524.66719,163037.5125,11671.11778,8120.016212,54998.9819,621223.5994,32804.23639,14068.13366,232497.9938,264670.1426,94028.50004,18637.88945,171830.3762,1306649.634,3597163.161,48700.0753,200348.0469,1763436.06,260545.8091,1918887.796,158805.2872,54962.74166,13780.4857,8122.461888,25236.56231,43316.46647,10783.44131,34293.82383,2143937.657,4294664.569,821298.3813,796015.4093,112720.1553,83878.28936,39100.77869,51632.05118,6364577.903,273754.8339,727319.8708,5723251.746,27482.20092,8644174.526,13973.60175,784.2701561
QC7,pos,cells,QC,QC,QC,QC,28477.08125,4838.438084,4577.667489,136226.9601,6508169.085,1089194.236,186284.7756,77478.78707,1209994.377,69129089.11,2795846.328,757359.2352,332421.3077,122251.5958,1709203.779,31200.27183,704374.1173,18202.79536,2281679.32,1267845.747,104147.5902,24211.47823,3131624.724,426403.7822,22982518.65,76675.1336,42642.24451,24602.82654,541051.4227,80476.75724,935389.6912,25645457.09,3402647.834,4899655.89,313756.2396,55263.36523,1253727.862,473143.4197,2166620.076,36397.00336,244476.5225,32065.41891,617278.4088,18909025.81,252701.4741,10131.26521,12067064.22,715393.1606,17541.19078,32519.3718,69973.76779,52139.36872,272135.3102,12795.73385,191822.4068,413725.0032,6403378.215,134315.6084,135428.8519,134244.7254,4622714.292,80938.64687,236758.0382,19372.1645,1413957.597,42506.29297,10995.42691,29618.67066,480660.0448,30279.51344,147705.9288,397447.5601,3554118.598,589163.5484,43029744.63,28969.96716,7309.919454,76459.83962,376598.5847,23681.31814,3827078.568,1161583.071,27528.82569,453949.0815,54062.97257,363232.8841,45273.77916,691283.2509,58712.62161,195634.933,32733.22162,43050.51343,3098485.993,201710.4203,36731.16847,24785.49463,350386.1491,3278.12935,195938.6182,3390859.287,11493.9363,66971.86365,15372.37645,19436.68585,411637.0726,892033.4665,692563.8679,479525.8112,167850.2633,1383292.937,208048.1828,36904.17521,20405.54619,2169786.32,254874.6448,35723.92473,5215534.682,66916.6089,6709.705869,29173.06958,17810.32906,88916.56283,25775.54286,74791.14609,30604.32154,2044.767724,10368.36604,72759.72501,57628.97216,221252.7296,56057.34594,12687.33817,87505.96625,178074.2407,18846.21719,8467.827065,50632.72894,581967.7878,31552.20418,15594.52769,296113.4025,292103.5542,96637.17449,19203.34217,167945.7549,1302138.273,4118784.675,22047.69776,181002.2029,1731767.398,345046.1347,1867765.119,150095.3037,54048.74596,14489.57661,7656.951139,26750.94618,42148.68596,9534.102751,30324.63863,1975431.73,4229266.708,851359.512,777279.0042,113441.0577,73469.34851,39384.15807,53637.57579,6028422.498,253603.2386,681112.8589,5262321.435,25715.34872,8343291.619,12931.65786,1252.848479
QC8,pos,cells,QC,QC,QC,QC,27369.69305,6071.340424,2654.684823,116615.5701,6266233.051,1157147.354,179205.7965,70987.25697,1132570.759,71202441.37,2667031.462,729334.957,284863.4277,104822.8108,1570126.916,17522.54023,696741.116,13612.54121,2217770.829,1298511.592,86994.19384,20454.16212,2740490.881,358311.6616,22632786.8,68503.44138,27941.60799,30490.40251,517133.3173,66684.16436,831734.9659,24838662.04,3356961.75,4567281.665,310715.3149,59195.15292,1200607.143,466019.493,1915698.221,32131.28748,221587.5115,27077.74668,605767.2759,18414941.78,247276.0752,6158.34735,11963835.67,659217.4592,16561.43953,28957.45833,62833.98048,52539.3157,258303.599,11938.11885,154045.027,390538.0286,6312810.34,121343.3789,122809.3088,113887.4915,4120709.88,78769.11802,217281.4361,17131.13657,1284458.717,43966.90639,9778.471467,26357.5358,457827.2472,25920.574,144761.3765,375567.0785,3155387.659,461173.0253,41887734.6,25167.50839,6539.121227,53396.5683,457053.8972,18993.14797,3773460.743,942778.4604,23672.10446,432135.0551,46958.34337,366534.1829,37993.62616,583762.2294,45843.1054,181646.4549,32121.63442,34767.79699,2908810.855,159283.3002,33646.22988,21127.11811,347900.1625,3645.834151,157000.705,3338267.992,11907.27088,61924.81501,13728.15317,20760.04028,382406.8858,783788.1794,597573.1736,461384.3463,199476.6261,1357500.351,165157.4439,30097.22095,20100.21424,2052928.38,215163.4295,33960.05143,4865282.429,64193.27719,7754.717711,29556.57394,20937.13729,89456.30208,36515.43217,73768.3479,28290.41222,2248.368429,9341.642973,68310.198,55216.87674,213931.8025,56502.92427,13808.96576,93675.8275,184840.0689,19520.36443,8858.921834,52151.18966,560861.6949,32742.79587,14426.04889,275533.6461,283663.3927,93898.20714,20836.79492,170797.6557,1244340.963,3936627.525,27015.68848,185105.046,1720250.443,332645.4657,1856106.436,149716.614,50788.66669,13749.3115,5546.330482,25151.96697,38937.57792,8434.19724,30082.79617,1921980.916,4039640.439,869019.505,784850.5192,116306.8751,72392.89442,43351.26211,53373.35869,5609535.804,239883.7543,641423.8914,4857100.146,26861.13626,7842585.122,13562.89967,1526.506679
QC9,pos,cells,QC,QC,QC,QC,22920.33913,4820.224345,2567.584304,106272.5879,5971195.19,954676.8455,137180.2499,70478.24254,1195871.94,63443735.17,2465756.42,668535.0079,322841.633,107580.87,1536286.212,19660.52413,747713.7464,19556.97571,2016717.296,1096934.179,96569.39536,25211.73471,2948605.756,365437.5679,20544956.98,67799.88896,18075.67637,32138.34076,475926.6339,56906.58582,832202.3534,22455616.05,3091954.559,4436937.52,266952.287,55056.8968,1093578.344,454302.1831,1962087.762,29243.67523,232490.4907,32011.19128,572082.0438,19296881.31,232260.827,9499.222028,10792816.6,625837.726,15991.90245,36921.8494,69831.72034,44159.28443,259088.5178,11304.28072,163065.7953,349912.4092,6022441.263,125244.4834,127465.1207,126989.559,4515893.762,73173.99228,208334.7943,19216.18348,1314783.311,38072.47401,11817.91346,23200.2798,455586.4653,29470.7094,128150.6991,361178.9444,3264532.48,517147.7001,41488542.9,25681.02346,6107.789534,76400.24002,301141.4069,18484.8999,3680165.198,1110682.984,25964.22551,398916.1463,50026.24247,355104.4147,42920.60983,629144.9414,52712.75477,181763.1872,29177.05934,42929.16218,2921633.67,186814.4652,35237.52731,25768.55027,340392.1916,1663.720623,179984.7376,3510640.315,11227.51411,67493.98563,12244.74632,15867.02815,366390.6648,779818.4726,652757.8392,430971.7455,156454.035,1281896.699,189687.0471,32945.37289,22658.44691,2109170.971,212046.9717,34573.58162,4253768.647,63645.49941,6715.357938,27127.46099,17145.19165,87169.92004,21998.98095,82728.17324,31794.93597,,8527.970603,54605.77717,51954.71282,200117.6565,59734.55456,12698.09289,106750.0252,147178.5934,15276.65919,8886.409539,43882.27958,552433.5989,31024.00017,10692.86314,267614.7514,243235.3157,88209.97634,18421.85946,157072.9067,1197808.006,3697263.612,25069.96242,153769.3541,1558120.768,308674.5027,1674649.119,141795.4173,47980.31253,13004.47999,6783.275053,23500.87891,36856.62071,7902.335885,31065.60853,1712543.324,3884878.796,821544.5108,693950.0214,108714.1371,72627.51786,33759.90806,49032.52758,5536880.073,230382.2048,621509.9871,4732347.473,21008.17659,7476025.968,11069.19559,2882.43971
Solv2,pos,cells,solv,solv,solv,solv,4389.434563,458.6497865,788.6355958,37279.24364,58906.99777,28796.78482,29760.16911,35830.94098,75725.93384,652250.3625,11461.52515,,,10590.58354,104394.5615,9999.483444,28278.59758,10283.31013,177417.1387,1686777.311,15166.62695,8483.46828,16765.67725,37567.66356,1813.136442,21936.9363,20517.83677,14050.14881,23076.75443,60152.60698,72655.50081,790945.0181,27172.785,14759.69374,68244.67557,26757.20063,166631.5048,58885.54686,180024.2942,3397.836315,,1992.434103,3429.782356,28438.36251,18343.15345,6064.639716,23778.02203,4803.306919,3506.348368,11296.6135,,,8150.849069,205.3858485,642.1742085,29649.84257,23371.71221,20249.7631,19185.48972,25815.7035,65373.02844,3047.431923,25530.5102,,23371.84069,20882.61582,,,26423.95101,4021.36453,1977.518799,15392.6888,7190.817468,66654.49899,55210.13049,9014.899948,,16278.29809,9953.610126,,31829.65383,71263.86958,4832.847919,501.4417821,,18038.92952,251.811535,19375.79814,6153.322175,879.6399765,7684.003899,1260.582199,17527.2293,1756.306144,675.2815537,2139.91126,12369.97289,,46314.80443,5109.382869,,13456.53971,,,7984.665836,6648.333807,3027.777621,302.2593983,28001.89241,,550.3533324,206.6643209,5478.43013,,34804.82049,244.0011433,60467.74221,18224.4958,272.5472858,219.6153688,,,9229.613064,23848.58,9262.675359,,225.8898689,10344.15177,24920.24531,,21632.1426,,40341.21515,7986.609242,,,1765.115303,1353.138754,,,,249.0398035,,,,419.2450949,34368.69951,2302.207817,5984.657194,485.9460453,1043.611768,1214.307132,213.7016959,199.8758022,,,,,,223.3531776,1202.158709,6516.471026,1901.686721,215.3591992,490.9779341,4056.511025,872.2243375,,2295.632241,980.8134482,2148.480545,428.6925829,,1016.716389,,
Solv3,pos,cells,solv,solv,solv,solv,2948.557608,1330.160442,1219.16823,28992.03824,48304.89413,48249.38937,47485.43564,28581.76094,84077.69496,3901754.275,15201.8719,641.9680266,,10512.1026,86226.60672,10490.93485,45876.52294,16321.26374,156732.1005,1693843.115,13012.98497,8334.469217,18723.04985,37873.93959,3909.30571,22625.51714,24458.86541,21298.44719,36775.17503,34760.10204,38907.7472,637334.4548,31971.79752,13643.891,93049.9527,29832.29548,94014.23308,43965.29248,98941.89712,5076.878714,1637.300557,2701.005743,9885.362962,47433.48655,21925.02197,4273.129539,34243.96778,6007.390238,5973.755067,9147.547235,,,9956.004187,,589.2147809,29884.49331,42802.61377,14492.37096,15047.15494,25159.93263,38489.57732,7405.365225,32358.14481,758.3882227,29774.72399,21351.09999,,,38417.90479,5708.178084,3663.858057,17487.36232,5375.019762,45606.19113,369302.2914,12273.42179,,24548.76855,101185.64,204.5758928,46861.82777,61436.85436,7003.721613,4785.61091,,25506.5919,228.1802394,18993.56004,9119.604233,2190.672633,16165.36888,1493.748048,30066.04056,1606.592932,2049.472224,4239.866161,21702.91995,,58081.78574,34345.12399,,19795.30494,,,16826.57091,8503.977612,9957.514683,3984.825531,30214.55043,,729.8747225,1553.065221,3762.432949,1117.537201,40749.39393,,100652.882,21817.19584,457.2746472,381.2979497,584.0517609,6686.804433,12820.95742,24853.66773,12985.66313,,1120.69573,17852.73169,23625.59211,5014.65749,32155.72484,573.2846693,77035.20442,22684.24936,313.2704136,249.6657018,3382.327952,1823.061181,1060.870409,,11402.71717,4788.29502,,,,1440.675949,133649.7177,1593.50955,4438.495394,1922.007389,19670.67038,1823.482439,431.2528071,217.9066093,,,,,,,5435.103334,10279.86759,19821.96921,3664.721307,,4147.571073,461.8213491,326.5881625,1508.427134,1073.703428,1008.208482,235.1391057,,1447.765164,,
T1_E1_C1,pos,cells,empty,cntrl,e1,t1,2360.632719,1541.544747,2430.110947,138413.2501,187038.1247,52869.9675,51727.47462,32107.72918,107341.4889,5810403.489,88817.33783,,429867.1371,159560.1588,594277.0422,15035.42613,92623.23176,8832.777169,631102.7861,1683846.246,29691.92606,31489.1956,234804.6192,63953.31394,36285.86541,28589.59485,51701.78037,13600.37419,154813.1489,67017.99174,47941.52867,992838.1683,998049.3567,1141284.28,91268.24463,73131.91325,104084.6023,46114.38688,1674831.011,7342.174971,5264.430164,16376.44726,12023.17252,1101751.373,79275.3581,9674.654047,140006.4644,9351.404953,10818.10117,8917.140095,189672.7158,1075.992918,25204.9606,1198.372741,157859.4453,43741.62636,192604.307,102792.3086,80693.58655,88026.30888,970255.3797,7130.853156,25427.52879,6823.934008,771044.0693,15285.29282,,,163088.6273,6885.641431,4704.740434,27601.61357,609458.944,314466.4253,248833.4608,35643.82543,,18889.98757,174103.4353,1548.940791,104956.9304,173056.2249,8725.824849,4375.910302,,57801.35294,465.8929035,91082.69003,28577.31279,1419.913074,13650.17642,5763.281164,54995.68975,427082.7497,60649.44894,49619.57646,36439.82528,,397307.1903,49513.8826,,22236.86791,,,89791.32721,24718.49979,250832.1348,3003.206418,174556.3307,2293342.5,160714.1684,7848.2094,4907.582159,4862.381965,200270.185,,115964.1205,80585.52571,263.1269119,474.2612602,324.8426311,5485.014871,15901.58816,53990.45459,33421.42042,1234.437666,14001.17739,33154.75772,16358.29078,88164.59219,65073.79603,1174.386865,121393.012,35322.04554,2494.170406,,5690.000796,31514.58485,35783.52317,,19080.28918,11298.12419,,,86595.46026,1621837.907,240068.1226,43934.32354,140472.7699,812694.7602,37652.43825,1665395.498,46899.6506,22712.35895,,,,,,,6603.729813,10565.64282,25446.34139,4083.681068,1145.987773,115119.8202,24399.45583,2355.967612,93331.00818,5473.913755,3826.550507,111247.4731,234.9090453,109764.7263,,
T1_E1_C2,pos,cells,empty,cntrl,e1,t1,3107.518676,634.7711632,1796.693382,137767.2025,114281.254,42214.91207,40730.49403,43247.41691,94019.10115,1025032.765,37225.18101,212.4248784,70609.23552,94336.62115,184198.2391,28077.48906,57877.45717,9270.132094,293020.2968,1740973.957,20609.75021,39196.01186,75810.95806,45840.16575,12695.136,24941.72904,44771.38663,38093.69052,63346.56516,69237.09044,28996.48934,823862.5859,259103.6498,251291.5654,96315.3387,63216.73417,103709.7849,51962.02523,4543381.964,9212.357832,1189.231968,19767.22075,12724.36089,412215.7329,36831.06682,6867.503366,56811.65769,6226.964029,8673.025393,13166.65395,30890.0947,218.0991537,10726.13994,1351.179909,48307.39026,34324.22414,79477.62317,251490.008,250996.0067,48501.11097,190490.2405,21433.62738,45831.72397,10562.06955,105661.6846,19823.78761,,,54916.46735,7653.351092,3570.960607,27735.63326,125419.9774,154032.7067,82020.48082,25082.21037,,16184.30484,12995.04953,1651.568847,54684.39087,52478.75828,9596.004182,807.7547394,,26237.12404,685.6226532,35356.83005,24946.63736,1405.738582,17638.4765,7327.786683,28124.01636,83249.33023,45063.90778,18626.36257,23859.22721,,268406.814,22236.05103,,20505.79104,,,22466.51247,28425.2234,55754.62454,,155771.5373,2025738.21,25071.71173,2468.416728,4914.231041,7190.326525,108510.1396,,35062.19662,49920.32397,1078.248718,323.3012131,281.5914853,333.3895863,9239.26086,41449.71696,79814.26777,526.1521011,10085.94922,31981.81789,17132.50134,8059.708446,57173.05458,906.234868,99715.67344,22406.24107,532.6159422,,4656.760456,30154.62098,38811.63728,,3535.99603,2046.74579,,,53829.5321,1391740.039,92446.39234,54293.59065,109192.6904,574722.4443,6666.373488,1520154.98,29774.83151,22207.60106,,,,,,423.7529733,735.2566589,2215.006946,3483.047587,545.6429329,210.3172351,38406.56012,4755.642906,,59384.13024,3785.246235,2052.126945,70556.42014,326.1385904,36412.93729,,
T1_E1_C3,pos,cells,empty,cntrl,e1,t1,2855.878411,1302.024045,986.2075893,103262.7426,88988.54463,35168.41687,35940.14468,43060.91072,88958.89912,859743.6712,31199.76376,,106650.7199,44604.15263,205381.0819,32768.20262,48355.77117,14363.91457,274660.709,1844555.012,17735.15676,25917.27968,54328.28811,30844.28893,7152.1374,27183.32555,33033.5127,23448.59056,60275.95281,73892.75862,25783.10625,812704.8799,243265.9574,245134.6985,81091.12946,41729.00817,99640.67154,57131.83877,710096.8644,8578.077986,428.0327972,21346.74689,9477.853652,286010.1544,20191.75075,6828.628259,27862.33308,9916.454173,10839.23528,11455.50305,53416.67277,,13968.53287,1833.227438,42435.57946,31222.66305,66803.16873,70369.1028,68950.80233,63800.84127,210548.4563,16564.2629,36566.59971,1064.065497,198500.2437,26172.03443,,,51720.94592,7300.634899,1203.800903,21997.5924,126996.3041,141205.7681,30899.39384,35369.48555,,15911.63539,10577.92444,1471.00848,53583.37032,54473.52855,8595.714048,2030.782553,,26402.83596,1068.952006,36283.85989,23225.57144,1025.543324,14081.26622,3797.688726,31661.2709,116642.7924,19580.4594,21844.68614,22447.30326,,344369.886,13149.77094,,20731.90346,,,33578.57884,15645.41026,71996.28913,,157800.5506,2256075.996,46473.39831,1898.879996,3929.051885,2688.535589,183520.4,,19323.80899,69979.3086,257.9369885,,760.2911662,,6069.881304,40475.27234,89258.24398,324.0947414,9872.028682,27638.07193,17758.87859,12390.16773,62597.513,,99837.45094,10130.51161,306.2421312,,3917.163563,31014.25391,37366.42024,,220.5117433,294.5997688,,,49886.9358,1443158.112,43260.9919,52731.19587,104579.2876,542451.125,992.6092697,1660721.139,30331.33255,25818.85478,,,,,,,,539.3218842,1325.206372,1078.038194,269.6677738,77396.11371,8245.568226,,51278.93325,2455.743003,3736.035054,61724.83415,437.6779024,30195.6541,,
T1_E1_D1,pos,cells,empty,drug,e1,t1,3979.657019,887.3432045,1136.844676,102999.0676,78180.0159,40969.96969,42630.66213,43337.44872,92567.10583,1311317.481,24912.27965,212.7477797,85025.07314,41891.95816,175355.7456,32514.14101,56715.33231,15065.81171,242946.9207,1742971.796,13497.70196,23763.39342,61367.24928,26527.13347,8243.97887,25642.07802,27540.54759,16888.13644,70260.07383,64488.99011,34191.76307,817903.7846,183965.2391,184836.6338,77790.81793,34319.36607,99824.64417,53780.92045,518961.0397,7726.071627,2491.976365,23166.8106,8846.167666,264896.1175,30941.66742,6640.376713,37509.13129,6483.224952,8837.305542,11451.81411,31351.11218,206.961002,13179.71579,1107.564169,26211.38012,35656.56009,59306.09303,92122.91694,91256.27199,54175.00917,160996.5471,15980.3614,37328.11491,2955.387502,125508.9265,15308.95295,,,62185.31389,7077.807248,4081.00487,20454.05288,96159.59321,143416.4359,80059.44515,22050.5063,,20036.32143,29772.85506,1068.851619,49786.80968,47775.84828,8080.760086,2143.705284,,24787.97579,225.2127296,36653.27682,21833.28708,1351.149589,19206.80624,4046.228947,27602.86693,91872.4257,12513.01713,17080.84425,19261.95197,,356220.8056,20882.10048,,22517.69931,,,33775.28346,16490.80908,58205.93581,242.9939867,144177.7921,2179846.867,30024.69032,3322.665951,3557.893255,2005.945765,139789.1916,,55100.07463,60265.84208,755.6423318,473.3748508,215.8326653,,13299.13425,60601.3235,76731.18074,1016.510923,6355.2866,32350.44909,21376.66588,35736.12441,60951.01893,1083.905354,98562.32353,29508.95599,1058.517532,,5536.178061,30303.18847,40816.61756,,6380.289874,2088.055374,,,47173.42523,1601019.849,141247.1498,54141.12286,123181.1919,498432.2891,15082.49409,1718506.754,31593.57599,27400.03067,,,,231.4379929,490.718896,417.020395,1656.728961,4069.199092,6668.000562,431.4412976,246.3007751,128230.1108,5244.721432,488.3410384,41606.84201,3258.414308,2864.591822,47005.90293,,23729.07514,,
T1_E1_D2,pos,cells,empty,drug,e1,t1,4888.568988,569.2501642,3180.353564,149726.4126,73189.93784,42699.42455,44388.07744,40691.96654,94830.42787,734481.2033,33960.68962,,72082.2468,40888.82911,166083.3553,35049.16137,54934.82054,11945.28687,287169.5685,1715806.969,17068.30156,28434.8546,60008.48165,23909.89312,5585.57254,30854.93401,30794.97369,25968.04364,83438.73991,65134.33459,49022.77054,816213.7009,161230.5219,175813.9539,94287.15968,51495.81212,112820.8067,49222.96487,522394.5439,4257.199955,465.852013,21432.03234,11488.29606,334438.1405,27140.15079,8760.132993,50949.8171,7478.762949,10944.62706,11772.86878,32102.07621,840.4550075,10323.47783,642.1192783,26515.01338,32067.98543,66978.38611,88895.9296,87485.02412,62431.36585,151434.6877,15655.72998,32009.60064,5094.329773,103291.0793,19106.17046,,,64266.28067,7921.557911,2545.001242,20075.29246,87933.50445,174010.3999,39337.97023,29735.01291,,29685.72134,16200.95412,1476.728102,55634.02271,81134.6494,7209.015066,718.725685,311.3406563,26325.03216,1200.828722,46248.94058,16322.47609,788.8579266,11801.10615,6615.808395,28136.87799,83929.30518,13197.3048,17855.23714,18784.86221,,370004.3311,21668.61337,,21777.72238,,,40050.63219,20606.75107,46728.87057,,128186.8551,2224410.623,34532.59979,2672.999721,3521.200166,6059.315763,118576.2247,266.0424065,33749.26913,58349.96576,1081.487615,,221.8063991,224.131736,9733.326619,29504.71775,66082.59192,350.323109,6540.656353,34775.31895,19545.5978,18628.30281,62932.31131,563.7979992,96324.21777,18452.86408,,,5677.815414,29526.1437,35803.02562,,3877.337456,897.1666129,,,44688.42586,1529912.758,81574.68126,46339.76722,113399.9161,475687.4919,3322.960876,1787824.177,37555.06166,33047.15905,,,,118.9138034,,,691.4036767,764.0754031,2287.599028,806.8179333,703.6365318,22294.68562,4020.263571,,42227.15554,3497.931768,3641.159623,50172.86169,,21655.00216,,
T1_E1_D3,pos,cells,empty,drug,e1,t1,2345.860565,219.3409604,1052.872449,132473.0924,82699.34753,30429.60288,38844.29415,38207.92832,86864.43373,720582.6282,24576.66094,898.5146676,94886.99549,35283.68499,165647.5683,43324.05795,55878.44019,9287.68563,288948.8873,1722028.398,17330.75606,25810.50601,57334.23899,27080.843,5213.499627,23892.78568,22184.17658,13570.87827,55408.73897,63067.28987,35297.91752,819378.7413,181395.4987,189386.4692,89753.22904,47701.19747,94808.34092,49503.38051,572018.3843,6601.211547,245.770405,18468.85688,5892.127728,291942.0913,26321.14343,6407.007254,30476.66371,5438.232549,7143.718538,10550.52367,36013.28085,519.3885728,8813.086491,521.0705048,30600.51605,32652.55381,71020.35422,100115.4381,100204.3082,53590.06485,179356.0993,20569.20283,42483.96299,4862.599175,131230.8464,21562.19775,,234.78215,57084.49208,5955.99919,1576.551666,17971.45741,96688.19071,173520.8004,25840.07261,21281.09192,,25146.49748,14505.43277,1876.458667,48561.08341,76221.54352,10493.11751,229.7306836,,27685.05752,453.4832258,37712.14108,29952.80891,518.3275442,14910.65705,5496.687685,29999.43535,106760.2872,13307.40173,17886.14068,20506.7339,,374646.6371,18252.61476,216.2336421,20802.7443,,,32687.90143,22522.18383,62169.31658,,137091.562,,41042.49527,2427.394612,3544.378109,7311.55683,139722.7352,,18644.12739,62555.44135,753.4481033,,,484.176404,4380.006176,26195.09833,93466.67399,,9426.809671,34770.32102,16572.13898,9257.121994,62494.68276,268.5753629,100522.2537,10809.04933,1065.87711,,1940.708405,31847.94718,40285.32705,,1506.60889,,,,45499.53828,1679837.599,38445.70711,60878.06008,105692.0188,454054.0472,657.2887316,1870264.014,31078.00098,31430.48864,,,,,,257.2204962,,241.148565,810.7311195,233.9712226,523.2722095,19132.89502,5900.65108,,39341.38815,1645.476437,4090.578864,51497.88999,,23273.8046,,
T1_P1_C1,pos,cells,sample,cntrl,p1,t1,35076.35256,8883.289517,4312.722417,172673.726,9749209.171,1536530.348,261934.684,78362.06449,2042399.574,107523289.7,4030915.358,1254269.048,679840.6345,230170.2107,2143019.501,32045.91359,394710.466,29595.36696,3086440.067,2253133.37,147724.2491,35037.26616,3911871.273,810635.1944,36782854,87502.29395,30163.8328,43910.21699,854912.0697,100352.2926,1535513.69,39004662.66,4544733.4,7743340.012,570742.7476,75355.18533,1174183.427,896869.7946,4447100.554,52216.39646,359226.0436,44190.52266,1092663.636,25202131.02,285618.5474,18317.09554,14746049.82,1068449.304,24029.88039,49985.18633,174901.1778,58830.64417,378549.8158,27948.24648,326310.7664,535654.0742,10399153.14,304318.7358,306768.6432,427984.2617,7937368.078,119127.4825,402932.3576,30217.73207,3136777.858,60347.11036,32701.99167,29442.56381,542899.3837,45285.40177,178804.4519,619499.8649,5410114.6,1945989.098,69478552.78,31274.39905,10441.34319,163720.8097,304092.7203,37226.96403,7448876.387,1760317.041,39128.53018,386731.4119,168365.229,665086.2609,104641.0681,1167304.482,123119.5908,241551.0014,41863.85641,79622.52426,6199276.355,438769.4393,82595.45744,54419.00731,875521.5365,6236.009,301688.7177,25901773.01,22928.99152,111429.5324,39890.95339,45095.55537,508457.4076,1545686.514,1579575.929,747060.4065,239160.3937,2146172.884,496758.8483,59824.34742,32370.68931,3151507.383,331523.1403,46751.62501,6495079.809,98343.44102,13616.25137,62428.9327,49680.05335,145069.2297,62603.28878,108006.36,41534.54084,3253.721429,15446.65736,100936.3575,74873.81721,292138.7917,80002.1567,29247.29207,106789.357,377858.0668,28939.34389,15210.96839,94857.28158,579722.9572,49001.86528,23188.12906,372761.2444,358412.8885,104247.9399,31878.43573,295712.6564,1854284.917,5258839.717,33510.28217,300654.8379,3172126.966,383715.0302,2229802.162,252700.7983,45714.39618,25373.28756,11792.2134,38952.34332,54636.94255,10457.75116,54864.12666,3075226.333,5834312.8,1219298.94,1136700.533,176587.6303,102593.9301,56808.8725,73102.58879,11764694.43,481949.5628,1220151.942,8583608.872,38718.93865,17992313.64,27148.69195,4523.546927
T1_P1_C2,pos,cells,sample,cntrl,p1,t1,26427.80056,5448.967892,3380.33017,156581.954,7384947.854,1202748.88,208246.9775,70872.03863,1689513.314,76200304.53,3007787.413,987306.7665,343552.2191,224694.5171,1845238.922,19059.29316,319771.9063,18684.63522,2278859.382,1650973.538,107553.1296,34566.64859,3045477.389,453093.5566,29831581.13,77396.98384,35747.85738,48954.83487,634989.0986,54658.03698,1004733.148,29809237.28,3591809.33,5367756.211,442815.4173,76318.47882,1021253.354,1075939.966,3320245.685,43846.64003,298162.2574,27018.04878,635500.9338,20005222.08,283790.0553,17982.90875,11859825.1,751953.524,17912.75076,38495.91749,131778.1842,46271.40453,296091.0492,65049.98566,389089.8528,528748.7973,8104088.272,247001.8113,311596.7242,364365.1974,5150980.031,101508.1946,281517.1496,19909.46707,1860017.367,47271.17073,20517.79645,24504.28835,544440.2518,37880.44591,156092.0434,352266.8741,3903521.773,1636023.576,55376187.49,27273.03245,5922.184172,82658.97327,498319.6276,32483.41984,5617519.353,1197741.173,26424.2509,1149220.119,128999.5254,521040.8817,52783.93099,902252.1909,72282.11119,199431.9301,39393.38226,40777.81236,4869054.662,196658.0219,76628.40717,24215.97044,665830.5373,5388.917509,276055.5429,16764239.1,15610.43035,95410.89047,19738.85178,29550.001,419396.3457,1197767.184,1033370.084,621978.1563,173844.4861,,216912.9708,61219.27186,24760.64693,3143299.277,212971.9405,28558.73096,5500642.682,66334.94844,10365.40656,54224.98489,47101.94302,114303.9412,45273.91682,60937.04063,30215.72118,3765.986063,4887.429786,61590.93028,92204.23009,410077.9928,82402.32449,24770.29726,111502.4215,346867.9348,29572.29124,12717.44716,60216.94424,463087.3364,40408.79791,19848.46201,335516.5339,335922.6269,64863.80508,25260.72274,186029.2027,1380982.732,4964889.367,34131.36497,210441.7029,1974325.539,403094.9368,1916787.85,156531.1773,44402.50345,19083.10111,10962.43987,34835.26817,41094.20846,8635.795845,36865.22484,2498072.261,4953209.399,946635.272,1010648.349,190259.8679,63989.40365,40713.74971,73122.14919,11588711.55,467374.8505,1196083.176,8093064.119,31360.38681,18134413.85,16798.94815,3388.517661
T1_P1_C3,pos,cells,sample,cntrl,p1,t1,23979.21446,4054.72791,4169.216298,167509.7127,6746231.845,1190933.898,207366.4852,55121.24416,1412654.866,75847528.44,2783142.397,907225.0054,355069.9572,171367.5845,1649462.567,23685.93461,364373.6458,11757.3676,2148941.621,1467279.659,114253.2741,29698.6847,2837392.4,613019.3873,27930912.11,71242.18273,25212.75587,48738.40326,578086.4589,72495.26803,958563.3211,28149713.27,3286063.998,4983800.612,392741.9066,51060.99958,984479.7345,1125150.114,3242234.457,38546.30882,244342.7824,32983.1951,661378.7646,19810966.9,267056.9023,12783.84663,9617906.128,759673.2163,19647.38004,36100.83453,108079.258,49191.66966,256764.5129,41250.98714,278607.9229,377191.9562,7146395.885,241349.3277,289544.2228,321053.7492,5057947.331,91469.05839,306507.3055,18736.04466,1696383.878,37613.11826,17002.88476,20634.97598,499755.7797,28954.64818,133414.3028,349047.8597,3933574.959,1486299.086,50448270.65,38532.06501,5219.991433,101272.1876,273589.2309,27524.08263,4655158.109,1283476.335,29348.17949,816258.4211,118098.0677,489994.1232,38040.2212,909004.643,69456.84915,181501.5799,35327.01422,43928.23384,4172745.354,230105.1867,58567.13864,31750.36008,585127.8342,3075.557396,301047.1971,13386643.78,15795.67894,82385.37036,19673.71938,25552.68381,352463.2382,856357.5844,1000813.357,547871.2202,220849.533,,268093.367,54039.71353,25117.57423,2245508.201,291515.9636,15389.62677,4458562.632,77321.59438,10149.65354,42796.60437,33445.15018,107872.1644,37894.15267,71548.07821,26441.44765,564.9241855,5552.056366,83581.71749,83263.99336,237454.4664,102279.4712,17026.45144,129127.1827,257808.1874,21238.83671,8207.74381,68781.68487,488113.5424,42821.23617,19019.4578,295031.8773,288008.7584,65324.98515,23897.63309,223849.5652,1467887.201,4340176.107,23101.69617,257002.7879,2204324.086,351305.7092,2025505.268,151615.5395,51282.27368,15677.26456,10696.40698,28334.13693,41131.10321,7943.214006,36069.80908,2093189.355,4433842.335,905553.5296,882200.6272,139282.9282,76262.21104,45286.89192,66978.28688,11016654.97,460249.6354,1130873.301,7530022.995,32170.42007,17835349.68,22059.53206,2827.221642
T1_P1_D1,pos,cells,sample,drug,p1,t1,34847.64149,4779.614389,2485.36096,160137.1468,8782530.847,1208725.135,207440.5555,73111.69209,1809702.851,68266499.41,4101055.502,1024476.548,323258.4476,70595.81851,2210344.876,20064.24691,750059.8836,16294.99523,2659646.213,1846383.289,122434.9337,22781.8517,3994461.179,461717.8351,31309555.22,91887.47978,24334.67958,43866.80421,623455.5323,79710.54098,1395941.454,28150352.38,4025418.684,5960269.428,379514.9187,34542.78089,1981497.213,426168.6803,1033281.983,39923.83997,484357.8023,43198.58055,923853.3436,26104414.69,335462.5206,9610.532286,14945572.88,895444.7991,11572.26454,44595.26473,78484.96158,79492.22798,358539.5599,18342.48458,246451.8881,802234.4469,9673724.097,64156.4403,177325.3919,143123.5356,5771299.944,129244.2806,177214.4129,21189.0682,1468113.305,52518.61733,11979.57652,29332.33608,596006.5921,31435.25418,233103.7123,606803.3151,4455884.085,583175.0803,68852335.48,33459.94388,16819.01288,103371.7291,469378.2829,27550.28044,5804927.113,1398673.101,34256.37781,2132488.101,71070.45425,862192.9761,29467.16911,846902.7433,44376.22639,326858.7433,38412.47707,49302.68626,4227069.638,138886.7282,16203.12328,19823.50867,490391.8031,9735.330305,211918.4615,2216750.039,12817.82869,87125.36503,25082.8724,23427.4187,493805.4652,1605464.928,320929.9811,438443.8972,202187.8938,,85501.33163,30465.07135,33498.93901,2274400.927,279228.6111,28202.15817,8876514.529,87092.39663,8308.644637,27772.51893,16903.97484,138881.8968,25930.75987,87958.5462,32981.15511,1870.605451,4812.905936,67795.35518,57231.71668,326531.0742,78570.65745,12064.43513,104618.1234,138149.1719,16226.70424,19904.884,65316.53408,536062.9266,43715.05558,30467.23335,644096.9145,569194.5672,133021.0011,38694.40017,248867.6643,1668788.717,8408096.92,27924.41135,357227.2663,2520761.305,662339.6818,2303376.249,176009.1837,52390.98004,16980.80296,13128.88706,36313.01714,73997.85159,20759.80969,43609.60101,3207508.947,6326255.451,1420699.663,1243751.947,194752.0787,151265.6427,39008.53283,142649.5204,10410481.59,433101.5556,1167992.548,9231226.888,38585.70952,15950792.97,27497.37108,8813.07154
T1_P1_D2,pos,cells,sample,drug,p1,t1,36004.02638,5301.717533,4011.489123,152287.4215,8582868.485,1286255.174,225962.124,69347.2005,1762891.08,89317582.43,3829322.747,1017072.283,460871.968,106358.2327,2207375.462,21877.17601,722689.7003,20330.65312,2533777.261,1988967.092,132865.2524,24975.13121,3918056.095,511266.1,30209445.73,93587.82713,25504.99168,26003.10513,671094.169,99527.56115,1293958.215,29890192.22,4218550.081,6246714.509,363989.1822,63716.18614,1749664.834,489848.1685,1969921.901,44366.00763,427011.2677,54307.28232,919699.0388,23944644.55,314091.1159,7524.596383,15101283.68,821283.9678,22031.89109,42289.00868,75573.39212,74104.95676,385791.8535,12856.50157,226215.5729,733099.0218,9360084.85,146191.2504,147133.629,124016.0411,6210528.169,122575.9816,361268.9912,21467.18282,1939636.609,55378.1822,11871.91346,38082.66513,565557.9304,32056.44461,244136.8635,573624.8577,4744778.96,512330.3816,62715623.05,28509.49282,17196.38574,115127.0275,407030.9648,35688.41508,5768546.378,1560023.351,39160.16364,1093150.491,66267.44738,725370.6074,34761.93648,858630.3696,51568.50852,301816.2456,41505.35655,65736.0587,4708760.258,222861.213,35237.35849,28251.40058,509809.5355,10664.66474,191713.8415,2622473.448,14342.89602,91683.85712,24934.73872,30853.03029,513430.8145,1408757.41,608955.7295,609955.8869,245659.4344,,197217.4896,32509.24681,32434.39189,3105155.815,313895.7137,15980.91405,9138641.857,124226.7957,9531.120863,36917.5306,29113.94488,129887.0501,37558.41534,90123.75961,45088.23142,2156.650934,10060.10331,83995.10842,79784.07605,360508.5109,76331.86317,18390.67183,102487.3641,236835.8057,22962.47875,18893.46642,84608.52389,772800.4488,49392.14133,26846.05145,563134.3817,517985.2847,131975.9251,38570.71572,321763.123,2146862.691,7584651.597,38525.62982,381310.8563,3359483.82,560336.7592,2854533.498,262685.4587,84220.71833,17176.527,9449.216816,35743.79386,68163.97533,18503.2406,42756.08131,2894968.475,5831446.959,1025794.249,1183611.082,217415.9599,44295.503,53694.73433,111446.4985,13760221.06,556416.5975,1498768.787,12120704.17,41888.73396,21552929.64,22498.76312,5297.279737
T1_P1_D3,pos,cells,sample,drug,p1,t1,41776.52345,8000.459496,3644.38002,140867.3437,8687582.349,1284089.666,210832.3322,86891.60054,1603208.01,92092951.7,3765279.792,1003436.753,719060.327,211288.2561,2174105.808,19764.87624,721635.9875,12141.77112,2920818.16,1900129.666,137580.4004,34323.86881,4023994.024,582342.0796,29914781.03,83737.76045,28382.27543,39321.38504,807229.4773,96178.45938,1278098.946,30257702.76,4603522.605,7150353.223,377206.276,61150.80777,1596978.106,517789.548,3399935.125,40706.35605,382560.1742,41651.65101,843992.0053,23367083.45,349145.3395,8524.789833,15840516.79,866452.3109,25442.68513,44251.29847,103502.4948,71893.52659,378523.4929,16681.568,272005.3773,690482.2113,8987626.368,173399.7838,175645.5492,144410.2062,6596298.037,115799.0353,410411.4713,21365.70784,2567003.111,56415.179,16079.1492,49175.69101,637868.1879,39364.67826,248480.3463,429086.4155,4927569.218,628797.1354,58392771.66,32025.64016,12549.14324,127937.21,358213.1867,37191.23704,5580026.063,1672641.583,40969.28831,441695.6095,84350.78909,551610.4961,71541.01042,912331.6659,80596.24343,299615.7918,38981.0739,76209.48031,4655216.901,454511.1404,69091.42872,50263.44554,478909.596,7022.754924,214930.3276,3479478.965,14843.07738,84214.64259,21442.15204,32991.77878,609828.6134,1747606.544,1083563.785,843544.2656,212333.685,,507415.9332,43563.96793,30873.44084,3310109.704,267852.5483,38546.41412,9249558.988,78743.72738,15005.45019,46528.13353,32900.10272,124508.2919,46238.40611,110682.5741,26502.56757,1262.603622,15371.11342,115729.8146,70023.50136,386188.5838,62739.13135,23396.94585,96581.77386,380823.4581,34291.27991,14649.89627,98555.00285,928412.0674,43800.57489,22992.65668,492944.6308,457186.2177,152693.6646,37690.20147,320387.5361,2086456.681,6927855.135,32669.12958,308422.9529,3436571.383,538226.2831,2662013.493,306203.1044,88509.19428,13195.66648,8681.041375,31973.05249,62475.60964,16966.75347,52552.22555,2586070.887,5553127.628,866749.3596,1154023.293,210065.2658,150845.5987,58665.09938,83586.49868,11494462.48,479170.1785,1292842.772,9784206.736,39430.22276,18573988.7,20100.09663,5015.886215
T1_P2_C1,pos,cells,sample,cntrl,p2,t1,30891.60577,3262.724169,7274.446187,202283.1526,9364819.362,1549671.247,238883.613,70006.02515,2066000.543,133204045,3741800.989,1151121.284,920200.454,578041.2711,2010014.173,27531.52287,444534.0728,18927.24467,3106540.359,2268785.613,136142.0326,36963.00074,3906316.99,1042112.754,34531794.34,92520.40612,35418.14374,51210.2312,889041.3946,70058.26321,1366672.803,37630561.38,4548159.131,7373837.521,522401.544,150151.3553,1161376.404,1058627.156,8217537.555,63524.48471,327182.6614,38299.51251,915977.4243,24749771.93,301904.9105,17959.33937,13122292.43,964237.6477,41438.57594,47744.0951,161962.2043,71272.89151,397913.142,59301.47411,358013.5471,583049.8622,10466133.83,277972.8415,325185.2136,383393.6996,7247012.423,120878.3197,746932.8252,22598.7759,2820728.856,52878.57447,32754.1636,34049.86767,584029.4768,51696.52185,196842.0349,434302.9079,5161337.85,1748418.059,64587505.11,43693.42219,8516.185082,116330.699,398941.529,35061.2679,6540916.111,1646704.981,34708.90477,299441.2776,190030.2042,613098.7511,77912.84538,1117143.104,153316.0813,277479.8751,47894.61716,92511.2047,6047383.801,607025.0443,214696.1319,69655.8425,775250.01,6121.150414,310269.7746,22214333.53,23926.39507,102424.8048,31728.83454,40683.63694,450891.7047,1151198.391,2818791.562,718044.9097,237571.1939,1758336.966,847040.2894,66574.64677,30612.65481,3343107.395,267725.2006,5129.255302,7119879.028,70131.44694,21431.45753,108356.9953,84546.61447,152580.0176,313515.2542,75605.29548,29396.02531,17038.40496,31814.40068,109176.4281,84790.79068,475585.1272,81119.37828,67365.20469,115059.4253,1026077.469,74047.26313,15920.87661,75871.99569,633395.2023,50623.77439,23960.16645,350734.7754,375348.839,112780.8109,32330.18146,297733.3152,1873296.388,5418543.36,28340.36367,301906.2102,2936089.054,403551.9469,2259449.926,198274.7852,40519.93425,19374.73363,10784.32751,36861.43461,49127.68833,12625.13373,51874.46283,3144457.95,6013600.23,1075770.465,1287310.022,172055.855,43892.70205,86470.21007,67522.67757,9905121.463,432734.5907,1043123.423,6613618.427,38309.76418,16609848.05,21069.10523,5903.512968
T1_P2_C2,pos,cells,sample,cntrl,p2,t1,26485.17792,5497.076579,2963.678583,162628.2371,7626655.126,1239328.436,228750.451,63292.27714,1801128.552,90796898.46,3043013.9,971763.7783,402870.4251,238621.8015,1746417.445,24585.11712,403754.6917,19258.21292,2453747.68,1794256.273,116612.2306,32394.43684,3122012.087,593022.0421,29871952.75,83124.45849,31131.78368,40736.79763,688117.1908,79942.19557,997844.9727,29431149.83,3622665.384,5425583.005,432293.7744,58293.70659,1055699.655,1026980.008,3774226.515,44820.39462,288093.3633,30478.34897,696749.0588,21804601.38,265811.2637,17197.15088,10758479.84,796685.002,29157.7935,36148.05819,122279.2935,63197.70645,300639.5376,47730.0194,322205.2819,515706.8526,8857902.523,265574.2939,318841.0334,332198.7023,5336348.554,105817.1373,489335.5592,18536.94658,2041540.475,48962.69965,19838.6614,29827.24762,513859.1636,39778.91176,161823.0176,322690.7754,4064790.879,1501900.769,58928276.48,30824.28657,7508.61203,90247.44216,462814.7524,31864.84895,5024656.957,1197399.367,28059.54401,1421882.805,135888.9506,538700.88,26874.21688,904195.8376,73635.43466,228140.6595,40114.61106,51390.22595,4810114.708,233046.4468,78773.08977,29355.66259,648457.4541,6137.674439,301383.8884,15629001.93,20492.59291,84338.35003,22834.60914,25644.29083,381271.0162,755971.6387,1206315.506,502061.7678,240869.958,1663122.759,279394.397,54839.15959,28127.80545,2719359.222,299658.693,4036.182285,5666630.485,60997.66751,12015.01848,62207.06784,56041.89162,121665.3644,89397.16656,72947.93598,39240.07266,4999.104665,6452.01123,65717.19514,73208.61741,361676.3307,94986.01986,36707.68068,125711.7602,519205.3749,38925.11693,11264.0667,62700.94119,515300.7116,55163.19631,20234.29536,342862.5254,336716.0246,63822.48322,28374.56458,224497.1744,1744514.271,5125924.788,26594.15689,253992.2646,2318599.41,399974.1218,2422887.271,173351.4801,57128.66702,20945.90133,9266.335647,30668.25987,48182.43779,10222.91131,35545.30314,2519157.219,5263838.193,1010494.952,1117441.954,157447.0586,94183.35826,48167.91666,76810.56051,10905564.94,440779.936,1137469.168,7168862.565,33639.03168,18377919.99,19692.86143,5607.431922
T1_P2_D1,pos,cells,sample,drug,p2,t1,33317.87865,5162.046235,3106.416439,188709.6381,8296561.019,1298796.274,199800.6995,79560.14784,1639560.052,100921211.4,3698031.133,973794.6373,557083.9482,179195.5267,2175952.699,25910.57582,617537.1017,17218.59502,2730153.394,1846287.914,140784.2147,36133.87455,3857647.233,548997.3492,29084695.01,87646.73083,41696.94235,35879.52403,695239.3521,89642.93252,1219512.624,31717897.43,4436155.618,7113018.719,362000.6299,91833.52047,1459552.726,428463.8711,3366163.828,41603.75893,358073.8828,44878.81207,860819.6197,21559404.95,290735.8434,7700.498196,16005346.47,897466.2109,22919.70575,41960.8186,103267.0506,68877.85731,355899.0007,11343.30763,224506.0112,685098.4294,8708341.857,160706.8058,165198.946,123720.4934,6492135.421,106708.7157,448260.3926,20286.16877,2446177.998,53688.42327,20948.34814,40402.52998,549254.1405,35946.01331,233311.5958,498085.5833,4807514.102,524587.903,55687327.51,31761.97771,9867.080646,107750.5379,462028.2671,36428.51023,5170596.734,1610896.308,36223.20289,219539.1684,69629.01851,489812.486,92670.69582,849418.1353,75457.28336,266360.892,39757.48267,68970.754,4626861.827,293665.027,54563.30884,36999.0603,486505.8598,5209.720624,223059.2199,3433404.158,14376.67514,83492.01183,21646.02655,37736.42051,519876.0095,1442249.982,1116080.755,796079.277,242037.7679,1794625.006,363238.3253,36856.14351,28549.60681,2894857.64,263583.6845,21518.7776,8510677.008,102212.0864,11062.32143,48646.54038,30001.46473,112263.2179,78758.60557,121748.0637,26546.08809,4115.927998,23361.61107,112305.4567,80602.47559,361566.3093,65909.39958,36775.94265,99756.26825,482891.4361,43588.49387,13118.05627,107952.0806,805302.2209,53592.86327,23257.42879,445808.2118,421046.9428,150468.4383,32255.56988,364277.6197,2488301.258,6174852.406,37677.82321,363700.6819,3942273.507,495201.2039,3009660.448,341392.4809,77628.92837,15256.81551,9084.435411,32525.24951,53690.2881,14056.54485,48374.42168,2566396.063,5188130.58,887883.5204,1071519.565,184943.2131,210980.1058,59424.87622,74354.34765,11970668.37,497173.9543,1354301.304,10691944.06,35200.03975,19131131.58,18298.39967,3934.026252
T1_P2_D2,pos,cells,sample,drug,p2,t1,40867.0026,4648.369477,3051.167485,179968.2036,9723630.472,1356078.564,230892.0085,89184.54184,1986581.928,87057909.01,4300338.463,1103110.668,400562.8838,159615.5827,2345458.747,22361.52774,779570.9908,17245.52566,2979688.569,2077085.66,130602.6468,28738.22345,4570239.942,572215.0062,33042341.56,118191.7079,29049.00027,48422.75078,757939.4985,70456.56917,1559182.108,31619597.09,4661847.203,7152175.388,411277.2741,80354.0185,2010064.221,436632.8546,2172090.534,42231.88204,530299.8287,30678.7338,914530.1443,27245521.78,314882.9109,9461.261693,16822382.33,959902.4686,17894.31446,49315.87035,111046.4865,101483.9496,408590.8832,46017.7812,362897.783,863344.7713,10840236.55,306178.2485,306690.5293,159709.7234,7033501.618,147262.2148,331127.3288,25349.94438,2021332.086,58522.50943,19983.8557,43188.76855,585198.1203,40987.31496,285794.8925,557489.1171,5251792.651,711702.3289,71584421.85,32635.13035,18909.76292,148483.8888,479598.1645,35423.95865,6454300.299,1708005.88,38304.04871,1584109.957,72647.76812,665580.1408,55561.55494,1025605.606,70636.61703,342197.9613,40681.44761,59624.42185,5006075.963,195819.3226,46803.46127,24387.10668,543629.9363,10437.75812,301279.1656,3065523.402,14583.06935,91412.68015,27041.91908,34444.68875,557654.6227,1070125.76,653649.0498,624971.4522,271075.8913,,178510.6422,44375.97821,34240.63519,2954730.784,279963.3745,7239.364521,10542141.46,69270.79182,8598.042597,40880.16477,28824.52598,148292.8247,23712.82787,92302.94143,30840.08477,1092.330209,7448.272017,78135.52818,65871.27702,428420.8465,74367.99253,11105.56501,99430.49168,150837.0491,16949.19331,22851.86472,81967.74836,733861.6084,48226.03745,35411.62803,563270.054,532924.7098,177706.8179,40434.85109,291174.0964,2241944.823,7622643.51,26943.59651,352769.7383,3024592.973,591147.2288,3112705.622,250392.0839,77910.12784,21143.80332,12827.97955,40721.65898,73757.05629,21393.15756,50905.99542,3585889.666,6789091.044,1347197.817,1361247.76,202704.7019,126204.7728,70166.11948,109614.8093,12852671.66,521755.0346,1429666.695,11833142.26,45421.63941,19420725.38,29527.98031,9154.872751
T1_P2_D3,pos,cells,sample,drug,p2,t1,36845.1585,5859.041725,3480.416886,179347.0388,8171737.194,1145513.131,179644.4056,65056.40606,1621997.378,70359646.71,3641815.934,967574.0635,287024.8743,85490.88697,2130976.7,24504.67951,752403.2773,18811.72226,2451884.178,1584443.572,118075.6727,18909.68643,3712342.613,438058.5067,29138060.28,84256.38292,31740.33375,35033.05722,590145.5739,79268.85292,1224171.863,26768911.94,4130746.986,5841319.289,334449.8179,45307.76745,1780766.991,520701.7327,1399002.787,37639.64631,392315.1798,37479.0045,776390.719,23917830.45,269357.2692,7816.895617,13730546.55,842844.014,13178.64291,45466.14051,85026.1703,84647.32959,338040.1554,26929.38724,249698.9232,619828.8278,8958685.184,209440.7695,212299.6042,136753.6588,5777879.213,106375.4617,228249.6577,19177.86134,1474524.095,51230.89336,10513.55509,26751.23086,490137.6355,24968.58123,201826.3989,529147.5171,4469448.016,567854.6674,58053121.47,33400.86455,12310.70931,123797.4956,431331.6702,26771.15227,5113527.99,1489821.717,36237.87697,1436453.387,54079.29947,652218.2636,29306.43238,812333.5735,44503.57057,273419.9511,35266.67947,41671.5472,4020268.818,133759.3093,23389.12023,17114.64419,475835.6412,7465.5379,267788.6226,1882715.362,12193.55001,88924.01377,20809.75344,18941.55798,490073.8583,697238.1155,383646.8745,441847.5833,206131.4641,1778424.19,117508.6425,28995.5157,25005.31353,2506805.905,305920.2958,6084.046614,7636627.017,93069.50402,6964.227533,23881.19134,15944.37727,119159.9937,26244.36231,84478.67624,29333.40802,629.6289735,6809.896996,80425.19654,54205.92252,274513.8999,85483.88115,8195.487452,116620.4165,117842.8948,11627.30036,13935.21388,66612.65496,721614.3465,51568.81762,26873.06803,409052.4436,380722.5318,113604.1963,31052.84116,237797.6735,2054388.171,5715696.072,27946.99348,304334.9207,2543337.954,445752.5019,3153649.168,212205.3372,75424.81066,17439.94131,8372.803164,30927.3891,56476.05267,16668.79616,32620.31996,2600754.409,5340325.993,1099242.318,1042043.234,154079.5316,112777.4954,69024.48637,88320.61413,12376658.1,515809.0102,1384596.781,11027962.87,37036.5539,19427932.86,20400.89047,5064.766804
T2_P1_C1,pos,cells,sample,cntrl,p1,t2,28604.14483,5809.238859,4795.524481,259721.4323,7315763.156,1349305.708,215089.5134,77096.00239,1350488.351,122470225.5,2484241.734,884337.1986,1140065.09,789968.1245,1881800.633,29653.16499,915853.3023,12532.84972,2797117.082,1704868.188,127867.5572,59857.21764,3233994.567,745108.4737,27839694.07,84940.38529,35568.01197,88742.2498,865214.7701,99361.11246,905129.9926,29853017.66,4306295.016,6150884.313,443141.2301,137353.5549,853597.1365,527247.0538,9859584.074,48088.86092,195583.7911,43858.08344,572694.9416,20696706.05,276011.396,20106.1682,11002577.82,972926.2346,36387.35698,43367.38068,163237.0506,60533.0284,333182.9588,51618.36795,342316.3236,353975.412,7444686.661,315019.1405,364647.0651,373489.2491,6592203.04,101092.6257,620168.0709,19047.60249,2123318.687,48231.68172,24820.15641,36110.43332,540056.0848,47548.02304,107754.0286,418825.9992,4819160.168,1737001.822,45488033.05,35233.623,4639.141949,93025.01962,321291.9314,21885.71815,4912899.396,1580268.799,32389.21853,633763.6609,108760.0586,262905.6864,36914.6788,865137.6174,161939.4836,156881.8793,49563.92315,89018.21033,4217529.295,794606.5857,303884.8342,87045.02091,388754.6215,2539.417225,301809.4138,12783320.04,15593.98527,81882.61191,15975.94963,24919.69117,469770.0983,1165399.926,3455072.764,454975.7716,226851.3626,1779179.738,1083391.243,91345.33744,23347.51224,2309293.959,280026.6345,4079.695869,3573506.473,87121.31076,24401.74886,94570.38286,47758.04876,138944.7841,418745.3883,70301.50617,37055.52065,24462.53859,5460.516774,59757.18694,74771.67405,366749.0413,94984.53511,70195.63236,126594.7676,929702.9313,64731.1458,7016.768165,59342.02727,781344.9305,51351.3669,12491.99705,245180.2761,250474.3819,106986.3556,16806.46395,188565.412,1847338.002,3145941.587,27572.5236,183291.0856,1964283.147,260796.046,2667464.393,157444.8841,67782.53748,13079.20942,8634.165694,29004.78752,36221.84258,6841.222258,35376.7836,2440190.433,4897460.8,1113150.636,965419.9456,119141.01,56293.52797,82761.3057,44182.95132,10620527.91,413663.0122,1118972.388,7652671.316,34231.13867,16663715.49,15296.24408,2775.64888
T2_P1_C2,pos,cells,sample,cntrl,p1,t2,37320.52158,7159.640674,6887.498878,245428.7923,7599319.576,1357617.94,222604.5609,76852.57201,1534732.06,145711828.1,2645297.953,955880.8524,2023274.421,1253457.665,1998070.322,30762.05681,1114887.799,14432.52408,3022323.074,1924834.106,146917.3401,88527.63741,3285395.128,1212328.849,30341396.3,95386.23947,50626.52216,58869.07453,1061101.053,97258.7868,1049281.614,33154960.53,4290824.987,6195029.307,445199.8429,51602.01592,1062392.826,898843.6892,14824357.97,49505.99483,185294.6097,47737.88657,580141.5588,24189737.09,332552.7425,18877.24445,11498857.17,970271.2432,50351.03494,44281.3544,168703.1504,71145.17105,351637.9712,88453.1482,355217.6981,330781.5627,9196046.264,336646.3335,405331.117,414822.1559,7604413.709,118834.273,958699.3257,21047.97382,2010130.704,52644.90476,19951.79673,32754.75923,632144.3256,59121.2508,152471.2445,436861.8186,5295674.416,1853012.959,45126929.43,37165.09897,3804.511933,160904.751,242742.1593,23031.64235,5438462.565,1864994.823,37882.23378,548604.285,126170.2308,286574.4864,33418.08779,1049104.272,216585.4271,186934.8883,50984.23827,122106.405,4199040.073,1525642.139,489730.112,167711.0498,445696.8117,2840.763086,329161.8006,12700063.27,23249.66098,82940.12717,23040.99528,27240.45578,499272.2958,1943362.795,5356903.463,546938.0641,233705.3814,,2217312.123,123244.5108,25537.08889,2706562.368,269619.7399,3011.46384,5035402.88,89361.66772,33383.88665,125876.8158,59581.07097,169536.987,642296.3208,60888.07456,38452.78479,34819.07914,16356.11858,59905.71656,84941.45581,459612.9381,153937.7922,88187.92497,166936.4356,1144690.902,95715.25545,5539.077272,71281.3201,658398.9105,44656.1457,14153.83917,256599.9116,256782.9567,135645.5602,16247.03451,220702.0275,1783281.005,3215139.11,22985.27106,198963.6891,2078077.911,267852.3258,2393216.736,157890.2905,58773.59981,14695.17896,9079.673894,28758.5134,43892.20984,8805.074717,36844.33963,2672666.977,5647157.66,1024972.207,1122174.909,116300.291,23632.62938,61282.12672,46038.4602,9929657.637,397937.3917,1045144.851,6866699.812,37280.53584,15201439.69,16660.59303,3063.845248
T2_P1_C3,pos,cells,sample,cntrl,p1,t2,26219.03754,9084.822643,7747.382948,275382.7065,7384568.049,1306106.325,200375.4541,61741.50801,1417196.83,139665789,2487123.955,891597.5155,995706.0625,710556.4455,1750819.049,34670.3,1144152.355,22512.50771,2611356.121,1925218.421,126120.8027,59833.59224,3346433.798,1324243.58,28407011.8,81342.5469,61492.96128,80294.30393,818124.5458,101663.6382,939409.5963,30775761.5,3902772.771,5505810.996,433006.6795,95121.85805,1089699.076,727749.0694,9470429.31,44974.39852,193826.5213,58438.00371,539513.2287,24455821.1,298562.2818,14815.86941,9665672.553,926229.5396,39424.03246,40369.91643,121489.7299,66547.00583,334680.5482,67882.14038,311972.017,267565.9296,8678296.37,354399.6378,408218.8628,330261.2567,6508589.406,101796.2732,770162.0511,21325.78585,1439094.987,53088.98493,17525.36717,19629.11505,621538.57,36833.73302,125963.0942,541278.5561,4587577.856,1460969.023,38331690.15,49398.4491,1553.476362,86345.95761,346981.4098,13287.69339,4716109.504,1482206.093,29252.09061,332663.0475,128464.2206,327304.5421,13330.8039,853176.1087,139032.1825,180521.7165,42203.61996,78826.78087,4240734.995,679883.2275,263577.3887,76993.90321,406911.8546,1929.288707,328472.33,13049278.43,21343.25338,78001.11402,17747.37981,31978.25901,405695.4236,748981.4437,3232052.156,656164.3603,258492.0316,,1042420.437,64150.27561,25034.88561,1332836.423,323656.4339,339.3621674,4291796.557,116804.329,20116.03202,79058.18799,36691.17237,152504.6619,333359.5833,87524.99873,47234.14328,18626.72833,6413.154844,99965.32961,66533.53504,447307.3246,202427.1412,64806.70237,221028.8266,872363.4241,68631.94915,7030.439904,64728.50455,686657.002,41059.37596,13804.53064,250774.9862,238015.033,146462.6133,16807.66962,249358.7515,1497677.654,3291103.98,29205.65867,251494.5865,2213359.561,258875.0094,2041494.068,138456.9999,52861.87585,10082.04973,7434.238555,25883.8267,41052.09123,6924.939873,26139.04852,2318672.433,4984808.743,924409.4073,935765.1976,61733.13391,188345.8526,51602.11466,49147.91094,8676328.751,335054.4487,923614.4928,6131201.853,32191.43163,13541304.76,19854.45203,1881.883327
T2_P1_D1,pos,cells,sample,drug,p1,t2,32498.30471,6064.735751,5845.877929,262316.1524,8919601.211,1344804.422,198899.011,83054.96777,1240358.143,137132391.1,3427240.489,936453.906,1039853.53,773743.6473,2082074.539,33804.35199,1666903.254,17181.95167,3412984.645,1657759.388,156708.7205,45311.97481,4481933.964,974179.646,27140628.52,79373.64161,49108.85559,76636.34951,804140.8889,89326.9502,1236428.989,31105092.67,5737206.559,8159243.737,447758.6867,92710.63155,1431231.276,251452.6229,9022341.38,38397.34967,281333.0832,47854.77044,618445.3932,26713263.59,256444.751,9797.769441,13398302.64,1276042.659,32197.22018,59062.63009,147327.7459,100566.7949,420586.4145,41262.98686,380648.9091,479819.4631,8748588.77,430532.4737,429917.0663,164982.2845,8052524.765,96651.34309,639481.0771,28839.59442,2220111.921,58408.44787,17207.05675,32360.38262,503318.3298,26528.56043,122461.4666,575337.8278,5672390.646,669593.0288,42429717.27,39103.98422,4278.476663,131493.8523,350032.1738,16646.47899,5314056.942,1922416.21,40351.87496,181527.8963,55512.05638,375006.436,50971.48084,891368.2634,140823.6325,229552.7033,41221.51454,98735.77581,4286406.524,732242.9637,291596.7776,79426.35185,465852.1381,2377.191129,324889.5663,3202779.136,15642.48845,82492.69408,19950.51776,23713.69073,616840.7951,629062.1068,3152170.238,577131.9927,260557.9983,2137365.435,1025917.364,47884.71907,23583.58996,1632610.977,281034.0946,4181.042323,4084515.317,108394.4823,16131.68578,44479.62957,17541.4487,113862.9891,236799.5035,76933.53481,49591.66628,12235.62908,12312.45808,79593.12805,71608.03048,282746.9391,57659.80795,54563.97752,101151.7581,659939.7139,47450.82026,6296.510953,77486.58909,892013.4923,33315.48395,13988.89773,233660.7915,236772.0182,194273.5584,13635.96991,259533.2798,1972604.92,2787653.877,36063.90513,296264.1065,2465306.646,222375.7545,2386888.986,181594.6814,71780.48202,9117.24612,7312.565395,26430.35829,38250.10371,8312.601516,32300.4943,2428984.303,4510890.002,942611.0659,811766.0863,53493.21136,41778.30033,98961.41602,31335.28102,11296174.54,423824.2587,1288292.489,10931737.42,34546.9793,16584471.51,12535.46241,1312.880281
T2_P1_D2,pos,cells,sample,drug,p1,t2,29856.10457,7060.476002,2873.250635,190300.6885,7980754.662,1217187.987,194758.1239,81828.6993,1304149.782,92426504.3,3031349.623,838026.2957,479412.0364,205813.8092,2105898.623,26299.33756,1870545.738,15569.57619,3178877.05,1622785.366,146334.4341,32383.23385,3792748.294,516943.9125,26567219.58,90324.44939,25566.54853,46749.51667,739022.3389,71625.84789,1101803.628,28447306.83,4804937.379,6714329.157,376668.3265,51468.25622,1547601.916,306646.0648,3511927.861,36727.13669,243738.7368,43124.0653,730764.6973,24903026.42,290052.4195,8884.904487,14511645.8,1033701.421,22014.69555,48452.33646,137095.7524,100826.3404,399887.4739,33755.5283,301332.5953,503254.6022,9044824.54,284025.7505,285516.9159,151821.6443,7596032.734,118356.458,341850.9993,21525.08524,1622182.09,59772.473,19949.10034,45573.82777,522862.205,43423.69924,168508.9404,547236.7273,5470901.796,662283.3242,55006937.82,38749.0884,8419.017182,145408.2991,388489.3693,21923.13174,4722169.073,1923509.595,43102.98737,663227.5647,57588.26169,294264.0947,45868.58375,895145.5809,83925.47989,265213.1985,42687.65468,51985.07736,4019084.828,324760.472,71812.35488,36538.12874,415943.1419,5055.104243,286779.4121,2185527.521,13415.95762,70242.2499,18829.45766,21180.25883,542834.1211,638258.9877,1146740.331,476072.9289,241942.0518,2102574.496,352808.2487,85401.26428,24673.15911,2205626.008,313052.1878,3249.383252,5812993.407,91711.98484,7821.929597,32013.80424,21135.03423,135570.2077,63584.57082,77052.12602,44424.1032,4308.344829,10761.51492,55973.82427,62702.29323,297171.6648,72004.09336,28985.10836,103256.0134,406340.7881,37491.27412,10656.4277,59069.3767,914105.7519,55015.96676,18561.56785,331208.8467,335791.6997,130778.5175,23801.08431,170665.305,1872381.841,4547720.417,31062.12983,188576.3086,1870434.605,368025.3603,3248596.62,176760.7499,91653.71985,14539.39292,7864.390097,27704.62109,49989.02325,12764.60228,41261.52538,2561967.713,5536705.838,1223018.374,1044993.91,120005.7008,63081.46584,61556.83208,59567.13275,11718279.54,459703.4645,1338883.834,10051118.27,36916.82423,17768091.69,26242.51715,3793.074919
T2_P1_D3,pos,cells,sample,drug,p1,t2,30617.61692,7651.864031,3704.184897,201024.1406,7706362.515,1199315.472,199608.7586,80890.66114,1208357.625,85593111.88,2889306.473,847169.574,412884.3946,250807.4158,2066234.099,29500.80157,1926593.808,11918.80644,2899530.721,1568842.416,145840.51,29807.72015,3883847.03,494207.9303,24897840.89,67314.51507,40282.13759,61123.41788,648616.3546,71689.22125,1064099.53,26893810.86,5004071.451,7184785.335,340021.2039,71609.91298,1447784.902,316303.1481,3621777.149,33835.43836,214829.6025,45299.33234,541565.1574,26476098.38,252304.0008,11238.38116,11592536.01,1113114.073,15117.69088,51488.31219,140408.2817,96979.20364,409945.927,64207.29263,405609.1842,381011.5813,8490224.692,384508.2531,386095.4759,176526.9552,8313578.328,82080.36596,279475.8749,23988.63829,1251037.715,59449.42077,12244.49577,30776.19879,496661.0796,29846.90564,121442.2135,524782.212,5472751.837,761094.3561,39637387.87,47212.02019,3637.123779,139682.9282,339436.0019,15635.5819,4559450.475,2004941.359,42636.28105,523158.6299,46886.46618,351012.6991,24753.99371,843023.2079,90762.51964,223154.4494,40445.19538,48638.31404,4020012.788,282171.696,88859.85208,34553.48065,438987.8091,3179.186629,299441.3363,1847186.888,11229.00758,82403.71384,12482.19778,16261.21886,596929.0093,411811.479,1199185.163,447192.2096,235932.0576,1701473.558,319297.4852,64151.60947,20001.21466,1757198.357,296129.0882,271.657045,4079697.565,80635.03386,6748.571939,20195.90678,11327.17692,100990.1262,38906.37304,84385.20683,56185.77379,246.7637653,7583.849474,56456.08368,55672.367,299305.3382,99873.78596,15971.59122,129195.9955,243817.3664,19204.37475,3653.972967,61577.35147,826658.417,46685.89687,12601.20592,166959.0787,180933.2402,122059.4675,11934.61131,197429.7188,1927079.942,2573913.426,32773.0963,191485.5473,1834166.256,195505.4827,2894816.491,174492.638,79160.93713,7249.539495,5034.505449,19596.85462,28827.3917,8035.275279,20991.10092,1950787.641,4142649.005,747388.9036,746411.4941,53466.66528,115166.5394,58411.76128,29594.73906,11524835.62,425780.926,1300763.902,10613608.25,32254.55668,16896960.62,17353.95209,
T2_P2_C1,pos,cells,sample,cntrl,p2,t2,39825.22386,8603.099591,8063.485022,253114.7421,9740935.067,1607489.597,304457.8095,89567.43298,1875777.383,177811698.2,2944552.385,1102230.644,2526368.552,1675182.896,2381782.201,40551.36485,1060355.166,26350.91577,3877231.252,2181963.27,162108.5592,94393.93864,3997253.85,1696417.775,33847270.08,100825.1723,38789.9993,59056.29377,1501521.467,71824.95199,1194702.269,37454532.11,5601334.031,9182469.954,570336.5244,60541.92738,828692.9461,595790.626,18785596.65,60966.12217,177837.0552,40468.94815,861970.4138,25151420.7,339597.3746,23561.31689,15016422.16,1132094.048,47982.16763,48623.22927,220212.6697,41347.04005,470175.139,89182.71457,342420.3875,465374.3744,9908063.221,286240.0613,348227.1419,424741.4275,9474698.395,133857.598,879918.2721,21507.65214,3419074.999,61155.92733,28243.3064,49434.36066,662655.4016,87450.81953,148822.0632,784561.5249,6181364.439,2075804.524,56294672.16,42812.82443,6151.97844,144569.9326,335389.4573,26784.89595,8121135.469,1910817.612,41836.39104,285931.4485,175880.5498,329028.7358,162927.3323,1116907.279,282184.634,232405.1392,57176.12802,171009.9246,6045308.764,1829027.854,607033.1444,185544.3084,535425.6721,5181.331238,312624.885,23098078.92,34065.64763,100195.0108,38643.03277,50423.10493,543471.7903,2438619.874,6680896.123,805936.2382,221587.2789,1663163.587,2670893.367,118400.1744,28407.25091,5299865.633,284108.9998,9199.036061,5297096.408,76413.29196,54359.82319,212318.1617,80641.84144,198363.6561,1247033.393,76856.60528,40309.48179,72468.55669,39117.10083,69992.2194,28271.79876,588539.679,87827.70448,122640.2407,109619.7945,1795801.645,161562.3875,9118.316478,76402.82089,905462.8882,59057.55427,11707.36201,269001.146,312697.8554,204518.1609,19495.95531,274925.246,2383438.489,3716113.621,34296.9317,231199.7168,2721771.98,336086.7461,3327682.017,199157.7751,70065.80202,30345.25188,11059.76399,34906.83607,47471.39574,11040.71395,64901.95812,3334712.36,6222862.479,1124153.369,1302279.578,202233.4011,22049.10512,115702.1647,40839.29853,9915466.846,404042.6675,1066683.189,6244380.044,46734.24098,17410352.42,17584.11231,4786.510678
T2_P2_C2,pos,cells,sample,cntrl,p2,t2,39634.65584,8566.677493,6019.946658,253787.3886,8940747.097,1469896.776,285325.7363,76296.75815,1703930.838,166600231.4,2818894.465,1032720.009,1787204.257,806592.4346,2170817.386,36228.22225,1066562.405,16451.55842,3348348.461,2320871.6,153923.674,80876.25269,3799202.454,1237822.428,32467261.17,105157.1367,38079.21553,70880.79461,1262040.917,85350.46632,1115085.653,34032288.72,4796342.682,7343796.301,513088.0532,78045.13256,965800.6143,520288.0429,13339153.66,65613.37779,213287.9708,51653.35678,894113.5433,24753589.71,319705.406,15565.27839,13800110.26,989352.723,45816.10062,52657.7252,153482.6084,67561.98967,430127.3314,45479.1133,271359.6103,429850.3434,9951963.59,265669.4452,311198.0749,352413.7175,8365279.076,135994.6594,869201.1966,19737.19172,2619926.135,50289.07652,28606.00453,46538.81849,567133.7119,71896.80324,151193.4685,713922.1319,5755744.969,1628014.374,59124372.76,45005.33208,7955.962063,146231.3656,341245.9468,26959.42681,7133572.127,1755755.766,37180.31117,736123.0121,177517.4732,268340.5916,66651.82404,1051528.98,184295.083,229880.3935,59113.35911,131334.289,5549840.103,1275309.622,285743.5101,143071.2721,495956.4168,3765.615016,333408.896,20919769.89,27306.40861,89213.57515,28041.07108,34831.13032,505027.6253,1831084.253,4595474.431,527019.8228,262964.5247,2266788.268,1783027.807,148599.2999,32338.90483,3643819.575,337852.3165,265.7201125,5393712.139,95353.42344,43473.77277,163413.3729,83586.6863,192715.7133,835055.7896,69513.61344,46384.8104,46242.55923,21461.5991,68487.80938,85639.64005,489511.2838,122410.5464,106404.7275,143081.0136,1493913.357,110754.6054,9142.879931,68443.20928,880752.2453,62614.72923,11706.42935,303679.7408,300849.4855,144999.6536,23126.75284,216548.5662,2283004.046,4095434.348,31775.67557,170397.9976,2216339.065,326874.7909,3538417.95,172667.7368,65591.84002,25522.27551,9536.903098,36434.41047,50951.99779,10595.40976,55283.76138,3078219.191,6583497.769,1373540.867,1316400.7,201886.9356,18851.88258,100031.3661,55738.76659,11020087.66,449982.8842,1154333.538,7499531.834,43766.49779,18633182.76,23572.95219,6119.818923
T2_P2_C3,pos,cells,sample,cntrl,p2,t2,31123.29831,4626.095291,4861.779205,214196.0575,7340046.949,1228331.711,243355.3626,72104.71807,1495915.796,112274603,2380026.369,884790.8369,784829.8771,503989.3187,1734803.532,31556.3609,935460.0085,20693.81851,2573140.851,1668519.485,124339.6198,44802.97554,3344806.493,863105.8086,27731945.41,86198.40693,34691.75554,52065.49828,850376.2211,80681.88413,898211.1749,28310265.23,4127503.119,5876573.672,440749.0057,56609.8551,871678.983,418858.6935,7512343.264,47447.05118,193447.9592,44722.02851,623068.0917,24467634.85,300608.6396,17695.06736,10337757.49,917087.1212,34294.70636,46695.27332,150793.0629,60316.45627,331892.927,51967.27399,297964.5657,340628.1782,7962130.137,289076.3206,349704.6642,368624.6627,6822295.885,101318.12,604143.4064,19991.39809,1977262.641,49958.14717,24965.22707,35910.32665,540904.9493,50220.77686,118753.2973,477364.2164,4603526.966,1638251.817,46996624.04,40365.39171,6643.369038,86982.4085,325630.6012,16815.44619,5469520.167,1527296.354,29346.66405,862641.5214,129832.9084,236524.2169,33038.79438,834073.7455,127230.822,188176.3659,46580.88331,74212.14777,4359896.137,573466.3001,184939.1781,69544.77456,412650.1779,3485.064244,333622.54,15949692.05,22141.58027,80253.55062,20509.05511,20369.9619,422224.0504,818131.2501,2708387.72,341533.1746,256902.3348,1949197.711,767611.5817,122792.2112,27177.20531,2121950.917,288706.0517,1244.840149,3658925.459,80622.70663,17516.26693,76893.77038,46442.76708,143718.8091,284023.5177,73807.80308,43425.49585,14388.57,9207.594148,47921.14481,67081.49749,389005.915,152108.3158,65817.39714,166087.2068,820862.7119,65748.86019,7098.931131,46493.14486,589762.8573,45948.40726,14181.10901,269938.3336,247441.6452,104787.0482,18238.36099,161868.2762,1665978.699,3574123.233,29479.16796,136031.0785,1512841.548,288536.4744,2419411.383,126905.0461,51053.80407,15507.2525,6828.119589,28460.52622,42017.53739,8653.412735,35622.09632,2421586.443,5138834.153,1263730.218,993407.9698,121189.846,28023.19121,63819.25018,53399.79766,9084849.935,366972.6698,951377.0241,6220995.417,28986.78157,14630946.35,19823.16941,4962.813107
T2_P2_D1,pos,cells,sample,drug,p2,t2,29835.51332,7196.402568,3077.278173,220992.8243,7722228.973,1158934.501,168643.6354,78354.16196,1116321.659,90571148.14,3023717.335,795850.3098,421395.0965,243097.0438,2164961.315,22806.05458,1475043.719,24452.14048,2724546.691,1363833.479,127974.2789,30424.31858,3847912.986,596577.5948,24257290.79,78840.76814,48119.60005,54993.02471,618202.8956,84098.0572,1022982.98,26853503.13,4523958.718,6565760.893,358561.3822,65930.12594,1264856.821,281260.9306,3715295.942,34888.08985,286987.5907,42667.90392,623222.8458,23620578.59,273542.0636,11030.14513,13117724.66,1025341.392,19629.89627,45173.86548,106088.15,87182.38593,366535.1991,28511.90183,312619.818,466899.224,7707003.661,322155.0115,321906.9008,142786.8397,6516046.749,102231.0297,352593.9399,20919.59151,1646328.375,52438.32067,12322.74293,41671.80982,521059.649,35608.41619,122847.8081,870322.9347,4849147.907,652752.3104,49120163.7,39867.17796,8250.821121,96034.74522,348971.2372,21787.43516,4868318.136,1608430.112,35929.10764,719886.9462,54804.42331,302870.5887,41170.66441,734001.1248,81798.2484,237265.3285,43515.51257,49214.58742,3740850.77,249678.8432,79732.93114,31666.08933,406317.2158,3748.047166,314983.3602,2816291.268,12482.96636,71733.65108,15702.12493,19775.73234,548540.0042,489912.8804,1173283.751,374887.1157,252755.2849,2072855.691,309333.7597,40274.72284,20813.81922,2462192.803,297245.2596,1716.84092,4157516.411,79440.70392,9527.035856,32634.86189,14548.90526,115590.3456,110715.7119,74099.2759,42068.75752,7255.313822,6618.896259,53052.53277,62523.03967,302869.4386,61712.94804,41361.85702,101339.1804,507569.8334,45488.88428,9970.156712,51208.50854,871250.7186,45477.53077,16527.20166,294129.7982,291499.9465,140856.0877,20539.14529,186304.036,1980596.653,3935544.991,32329.47657,197833.6989,1875680.98,300612.2381,3278712.426,165225.8645,87714.11712,16325.51485,7127.138869,30659.56163,43872.80692,11001.37644,37610.75487,2454758.53,5113579.279,1255066.04,883644.198,91081.45128,86143.84321,89187.41428,53378.7784,11903875.46,438987.1311,1337430.58,11452449.43,33699.01288,17530235.99,18501.04452,2561.33157
T2_P2_D2,pos,cells,sample,drug,p2,t2,37122.79829,6603.044872,2489.525223,196110.4311,7991444.326,1066242.194,184560.1304,66731.71398,1331796.019,101016955.6,3113664.117,854061.2999,424797.9451,240671.5527,1934749.578,19884.97487,1671768.381,15250.51302,2779449.06,1694243.026,135694.7059,30210.25024,3881131.051,476319.2893,26365877.06,86138.91959,42754.72345,59622.32492,671751.7226,90095.53717,1108576.27,23290556.28,4432419.184,5934785.314,379014.6711,56431.37536,1617296.338,249308.41,3807077.34,36770.67174,283764.7387,41052.74355,634866.473,25746157.24,274735.2066,8797.340499,13827804.98,1007849.276,21259.04072,48537.26046,99430.5545,98018.15981,377313.3497,46362.28859,345376.4314,508121.1436,8940343.777,354003.9115,353455.9247,154842.2097,6539912.902,119614.2496,396486.8274,20484.69502,1307213.982,55007.66393,11585.41406,28986.05458,511235.442,37147.8742,148964.9088,764611.6845,5002805.346,695209.562,51988129.18,33628.48993,9474.326463,123005.9086,354518.9518,18340.21238,5181766.795,1683390.68,37975.48812,757187.8262,52208.99507,360231.1086,16890.88522,828056.2635,88506.0606,268703.9167,41721.33374,45968.49766,4072967.602,264166.0446,88303.63674,29295.59057,441640.0705,3797.500455,311426.7672,2278307.174,14209.73893,76327.4211,17969.31902,16852.12305,540716.1104,384723.1779,1231189.67,293058.4522,255666.916,,326229.8781,59748.13537,24479.58447,2067297.729,313141.4816,2043.588853,4996180.66,97457.73569,5870.856878,30091.58539,15520.28714,135141.2219,72497.95814,72236.23435,40818.41174,1763.470554,5931.264155,58066.57256,70933.2612,334900.6932,60190.87609,33892.16735,90187.42638,455180.5588,35355.83475,10673.81205,59004.10471,856545.6986,40226.60935,19748.31126,332268.6365,326211.0772,141142.6622,21834.57538,155808.929,1669145.759,4695036.28,23282.98243,177096.2392,1620621.638,346529.9458,2797317.82,174566.047,97065.97842,16486.93918,10101.17202,33899.04563,50373.69978,13535.30938,35796.92095,2881548.099,5836731.156,1372414.516,1089505.984,78287.52736,96207.78691,71629.95649,64276.2291,11582944.01,511084.3272,1349907.659,10254881.19,40174.20766,17543394.53,22314.39422,5262.720438
T2_P2_D3,pos,cells,sample,drug,p2,t2,32719.76612,4901.017917,2739.10688,194461.9433,8630711.883,1174669.241,193950.8261,73454.30078,1334796.745,83782712.73,3276529.204,873475.0976,342743.1404,201418.9086,2009686.477,29717.5899,1910850.536,22576.49993,2807916.033,1782091.688,148583.4327,29628.90754,4446466.192,409418.3178,26388506.09,93021.3355,34263.64948,66889.4963,615269.038,81060.87334,1225609.145,27288392.68,4422830.022,5993807.958,382141.5182,57567.37021,1827855.494,377088.9848,2682922.32,34138.71799,344916.6074,44216.81763,660462.5347,30093322.99,296093.5148,10286.52844,12873325.83,1041927.691,19154.30951,48859.97461,93479.39602,118830.5452,406870.852,56405.29287,420208.8439,504495.1081,9750681.695,370038.3837,371706.5978,184969.0593,7285906.927,115340.6118,269733.8257,26339.84936,1023815.194,56021.896,10699.56559,23170.68579,536935.1266,28097.6278,152582.9754,724774.4937,5165777.882,755273.0318,49792975.12,46722.18522,7475.310579,127484.3088,310406.6812,13417.04793,5604821.148,1799088.632,38659.68048,994294.4609,58859.73312,495892.4792,12727.73394,865227.6483,76534.5189,281106.0092,50182.24553,44654.44188,3818063.664,206524.5743,66452.69192,27991.86361,428799.9649,4645.532878,331652.5945,2382124.851,14001.75633,77305.2128,18338.45342,9522.589838,553634.5304,384350.1473,864057.2117,249514.5912,225336.3822,2065262.111,200363.3454,28693.0677,27412.16577,1658602.16,280168.4741,3169.675592,5050829.913,79066.9917,3806.529234,17580.5602,10995.53163,138243.921,24592.99159,54867.73529,48825.01317,640.5252377,8632.381297,38638.29267,52550.99658,342641.7379,80764.33799,11803.4155,118579.9555,152986.5131,13240.20586,11215.13895,45265.54127,728377.5547,38346.16194,18659.6361,345383.6399,321308.3171,148204.5731,22538.66982,168132.2014,1652435.383,4569059.521,28687.66787,175295.2158,1496437.499,318278.1979,2451664.835,122944.958,68049.90922,10654.92857,8622.989334,32468.33461,48705.05824,12618.71175,26366.30799,2861700.186,5852257.188,1450762.28,919916.6007,54765.64788,25105.52392,76520.62577,68358.24188,10732961.53,395708.2148,1213209.785,9833328.411,33570.1933,15749328.14,29217.0174,6062.545229
